video_id,video_title,video_date
31glAeRYkD4,Secretlab Titan Review - An Honest Opinion...,2019-11-28 18:15:00+00:00
cLBGKqcqJmg,Secretlab Titan Review - 9 Months Later...,2020-05-07 19:07:41+00:00
1YS-mFoTK5c,Secretlab Titan 2020 Review: Worth $400?,2020-07-03 19:42:28+00:00
gGQtbDKmd3M,The Remastered SecretLab OMEGA Gaming Chair - Comprehensive Review,2018-10-29 19:11:33+00:00
6eyQGn5Df4k,"Secretlab Titan Review Update: 8 Months Later, Is it Still Worth It?",2018-10-30 23:07:41+00:00
tO6GL4TV9ZM,Everything you need to know! The 2020 SecretLab Titan Chair Full Review,2020-08-03 09:25:44+00:00
1ABIJZdhv3s,Secretlab OMEGA Softweave &amp; PU leather 2.0 - ONE Year Later REVIEW!,2020-05-13 18:30:00+00:00
KuDumLawukw,Secretlab Titan vs Omega 2020 Series Size Difference - Find the BEST FIT for YOU!,2019-08-30 19:00:02+00:00
nBnCOKf2V7g,"SecretLab TITAN Gaming Chair: 2 YEARS LATER, is it worth the PRICE?",2020-05-21 17:00:14+00:00
Gtc4ygj2l_A,"SecretLab Omega Gaming Chair - £300, but does BRIONY rate it ?",2019-01-29 16:30:08+00:00
DiEbEXnW2qY,2020 Secretlab Review: What&#39;s New &amp; Is It Worth Buying,2019-05-22 15:06:20+00:00
v8sgvci6gR0,SecretLab Titan 2020 Gaming Chair Review,2019-07-28 19:00:04+00:00
fhAPsgb6MNk,Secretlab OMEGA 2020 Series REVIEW Softweave VS 2.0 PU Leather Comparison,2019-06-24 18:30:00+00:00
0xmKMHNCRlw,Secretlab Titan Series 14 Months Later... BEST Gaming Chair or RIP-OFF?!,2020-05-12 14:48:23+00:00
DBI_1GafwXw,BEST Gaming Chair?! Secretlabs LONG TERM Honest Review! [Titan SoftWeave],2020-02-20 16:04:44+00:00
jVym-RUtTMk,Secretlab Leather | The Truth | 2 Year Review,2020-07-04 06:22:02+00:00
BqIse8WLS74,Secretlab vs DXRacer - which is best?,2017-11-26 10:00:00+00:00
WjWAGOEjXtQ,Secretlab Titan 2020 Series unboxing and review,2020-07-19 16:53:52+00:00
FJ20JBOMOws,"2020 Secretlab Titan Softweave Unboxing/Review (Bad Build Quality, Questionable Customer Service)",2019-12-06 23:34:47+00:00
Otfl8rzba8I,"Secretlab Omega Stealth 2020 Series Gaming Chair || FULL Unboxing, Assembly, and Review",2020-02-27 19:30:00+00:00
dUW-vNhVtr8,Are Gaming Chairs Worth It? — SecretLab Titan 2020 Unboxing,2019-07-11 14:43:58+00:00
lRL691QA_vI,"Secret Lab Titan Chair, 1 Year Later Review",2018-06-25 21:11:07+00:00
TlSYI81djuI,Secretlab Omega 2020 Review: Worth the hype?,2019-12-21 01:40:23+00:00
uxTdg7KJtDs,Secretlab TITAN Gaming Chair 2020 Review *honest*,2020-07-05 21:09:47+00:00
sTmapy3tAU4,Secretlab Omega NAPA Leather Best Gaming Chair in 2019?- In Depth Review,2019-04-19 19:30:01+00:00
lxnrHv7rIMI,Secretlab TITAN 2020 review after 3 months - Shot on Sony A7iii,2019-12-23 19:13:01+00:00
ig7EJPdpRdc,Secretlab Omega Review (2020),2019-10-18 16:08:29+00:00
ZP543Ikqz_I,Review and Build of Secret Lab Titan Chair | Moonstreuxx,2017-10-19 17:13:41+00:00
248RgzEZzU0,NeueChair (By Secret Lab) Review | Premium Mesh Productivity &amp; Gaming Chair,2019-05-08 11:45:54+00:00
oJj5ybJLBUg,Secretlab Omega 2020 Gaming Chair Review,2019-07-07 13:00:07+00:00
30s3x6M8U3U,SecretLab Titan Chair Demo &amp; Review,2019-03-16 04:21:04+00:00
XtPfedlMqwM,Secretlab Titan 2020 Series (Unboxing &amp; Review) [is it worth it?],2020-06-11 08:13:00+00:00
qiKVFDyy2iI,Secretlab Omega Softweave Fabric Edition - The Most Comfy Gaming Chair?,2018-11-19 10:00:08+00:00
VXkbeTUhGV4,What Gaming Chair is BETTER?! Secretlabs 2020 Unboxing &amp; Review | Leather VS. SoftWeave,2020-03-19 18:15:11+00:00
qvnR4BChZjQ,SECRETLAB OMEGA AND THRONE SOFTWEAVE FABRIC REVIEW | VLOG 09,2019-01-16 03:40:36+00:00
J-w0fUX4EDk,Secretlab Titan Review - Is it worth it?,2019-03-12 09:57:46+00:00
6c9Ziy77O9g,Secretlab OMEGA 2020 Series Review | Gaming Chair | WePC,2020-02-28 15:00:07+00:00
pTyWGyfW2T4,I Gave My Brother A High End Gaming Chair | Secretlab Chair Review,2020-02-26 00:02:21+00:00
iGNUwC8X5g0,Secretlab Omega Gaming Chair Unboxing &amp; Review - Best Gaming Chair 2019,2019-04-11 01:30:00+00:00
tUkYGEdvOck,Secretlab OMEGA 2020 Series PU Leather 2.0 Gaming Chair REVIEW/Unboxing,2020-07-24 01:23:10+00:00
F-Z9Syv4RWU,Secret Lab Omega 2018 Gaming Chair Review.,2018-02-11 10:44:00+00:00
_5JOZlRQqzY,"Secret Lab Titan Chair: Unboxing, assembly and review",2019-01-12 16:05:11+00:00
G-IAAWdGJbI,StreamGEAR Review - 2018 Secretlab THRONE (White),2018-04-26 21:08:37+00:00
ln3xsEnwL8k,$300 Gaming Chair Review / SecretLab Omega,2017-05-09 03:17:07+00:00
1zvv9e-_s1Y,Secretlab&#39;s OMEGA (PRODUCT REVIEW),2016-08-15 04:23:30+00:00
Vq1cSlFib7A,MkElite Review: Secretlab SoftWeave™ TITAN 2019 Gaming Chair!,2019-05-01 05:30:00+00:00
iuSc0vTE1Lc,Secretlab Gaming Chair 2020 - ? Edition (Unboxing and Review),2020-07-26 15:00:20+00:00
lxG8CFFhYbM,Secretlab titan gaming chair review,2019-01-13 04:01:47+00:00
aT1Yw5nlRgs,Secretlab Titan gaming chair review,2018-12-29 10:25:20+00:00
-Xs8Iw6IHFM,Secretlab SoftWeave review: Firm and secretly comfortable,2018-12-21 08:26:30+00:00
ZSycSfUwH6E,Are Gaming Chairs Comfortable? — SecretLab Titan Unboxing And Review,2018-03-17 18:04:15+00:00
ovBIX2VGXrQ,Secretlab Titan 2020 Soft weave Review,2020-05-04 23:00:20+00:00
IO9wVAxzO2Q,Secretlab 2020 Series (Game of Thrones - Targaryen version) Gaming Chair Review,2019-08-15 15:29:22+00:00
OlTYYLxJFSY,Secretlab TITAN 2020 Gaming Chair Un-boxing &amp; Review,2020-01-06 01:26:35+00:00
9qDYXjSl73A,Secretlab TITAN XL 2020 Review | Is A $500 Chair Worth It? (SoftWeave),2020-05-18 13:30:00+00:00
ywRs5qgLLIE,Secret Lab: Game of Thrones House Stark Limited Edition Review &amp; Unboxing! Best Gaming Chair 2019?,2019-07-14 15:42:00+00:00
V67MJ7kzV_E,The TITAN 2020 Series Gaming Chair from Secretlab - Consumer Review!,2020-01-05 16:30:01+00:00
74oz3XGUUzw,Rap Tech Review - Gaming Chair - Secret Lab Titan Chair | 2 Month Update,2019-04-29 18:09:22+00:00
YJTDUI6KZzI,Secret Lab Titan Chair 6 Week Review,2019-02-23 16:05:23+00:00
gOAfwiNKEE8,ASH GRAY SECRET LAB OMEGA UNBOXING / REVIEW,2017-12-10 23:55:23+00:00
0NFF3vOrSmU,Secretlab Titan Review &amp; Setup | Is it comfortable?,2019-01-14 23:23:20+00:00
Qva8SfdZv2I,SecretLab Titan Review 2019 - IS THIS THE BEST GAMING CHAIR?,2019-03-17 23:00:00+00:00
NXSXjRRvb3Y,SECRET LAB OMEGA GAMING CHAIR REVIEW (After 2 Months),2020-07-21 23:36:20+00:00
VlUQnDY34Lw,EP 56 | SECRET LAB DOTA GAMING CHAIR (TITAN) - UNBOXING | SETUP | REVIEW,2020-08-23 01:45:01+00:00
4H0YZACZvVk,Secret Lab Titan Chair | Unboxing and Review,2019-03-30 15:51:20+00:00
bIaY5OAG49c,SECRETLAB X CYBERPUNK 2077 TITAN CHAIR | ASSEMBLY &amp; REVIEW,2020-09-12 15:30:41+00:00
i8SFdf3_5DI,SecretLab Titan Ash: Unboxing - Assembly - Quick review,2018-12-04 05:21:39+00:00
RmuxUNlVjsM,SECRETLAB TITAN REVIEW || CoryMura,2018-09-07 18:13:12+00:00
W0cyPrjs4OU,SecretLab Titan 2020 Gaming Chair Unboxing &amp; Review,2020-05-04 15:00:14+00:00
nOsE0JfmWv0,A PC Gaming Chair for a King - Secret Lab Titan Review,2017-01-29 07:41:16+00:00
iYiybdhJQQA,Secret Lab Titan SoftWeave Gaming Chair Review | Are Gaming Chairs Worth It?,2019-01-22 21:36:36+00:00
fzuvanXvxxY,Secretlab Omega Gaming Chair : Unboxing and Review 2020,2020-07-12 14:34:28+00:00
OeHNan1nvtw,2020 Secret Lab Omega Review,2019-05-31 14:12:52+00:00
Tbaigg-jL1c,Unedited-RAW SecretLab Chair Review!!,2018-12-26 22:19:33+00:00
hb6DyOaHSbk,2020 Secretlab Softweave Titan REVIEW,2020-03-23 00:07:59+00:00
kg3v1bbGBcw,Ini kursi kerja ternyaman dan TERBAIK SEDUNIA. Review kursi sultan dari Secret lab,2020-06-03 05:00:14+00:00
w_vEKmKiF-g,SecretLab Titan 2020 - Lannister Game Of Thrones Edition Unboxing &amp; Review,2019-07-15 23:12:07+00:00
eEBLIZJUdxo,Secretlab Titan Review : Can a Gaming Chair Up Your Game?,2018-10-02 17:59:21+00:00
OiDAzTLe66s,Review: Secretlab Omega,2020-08-11 14:44:21+00:00
lynSbhuXiE4,Secretlab Titan | Setup and Review,2018-03-16 11:54:12+00:00
QyDH02Uwd-M,The Best Gaming/Office Chair? SecretLab Titan 2020 In-Depth Review,2019-11-15 20:43:50+00:00
B8Y3h0PHzb8,Secret Lab Titan 2020 - Unboxing and Review!,2020-01-23 14:00:10+00:00
ArHV8Himy8A,Cooler Master Caliber R2 Review! Comparison with Secret Lab Omega,2020-07-18 03:17:33+00:00
EPsPFuzlxqY,SecretLabs Titan Review (Dark Knight Edition),2019-07-14 00:36:15+00:00
oYcmONFIZos,SecretLab Omega Stealth Unboxing and Review,2017-03-18 02:25:30+00:00
mj8CFJW7wII,Unboxing and Review of Secretlab Titan 2018 Edition,2018-08-17 18:39:01+00:00
afn8nfNk64M,6 Months Later - Secret Lab Titan Gaming Chair Review - Armrest Fix &amp; Noise,2017-12-02 09:04:36+00:00
6NM_Kzu-jpA,SecretLab Omega 2020 Setup Review,2020-09-03 17:37:12+00:00
L8wVAmNFhCo,Secretlab Titan XL - Unboxing and Review - Best Gaming Chair?,2020-08-02 16:00:04+00:00
nZ7gOynKZ0Q,SECRETLAB OMEGA SOFTWEAVE REVIEW | PRMedia,2019-02-09 06:53:28+00:00
UJ3Hpjubof4,SecretLab 2020 Titan XL Review | Comparison to SecretLab Omega,2020-08-07 22:00:13+00:00
e3WFxaDE-es,SecretLab Omega - Gaming Chair - Charcoal Blue - Review,2020-05-08 22:40:30+00:00
QMRdwyJI0ys,Secretlab Titan vs Omega:  Which Chair is Right for You in 2020?,2018-07-06 19:34:09+00:00
3_70Ata2fAs,"The Secretlab Titan Gaming Chair, A Review",2019-09-25 00:34:28+00:00
CgSJcAA8ktQ,Secretlab TITAN 2020 Series Cookies &amp; Cream Gaming-Stuhl I [REVIEW],2020-08-03 18:42:10+00:00
LurY9ZIYSE4,SecretLabs Titan Softweave Quick review 2020,2020-03-22 16:32:09+00:00
fXUjn2-cjzc,Secretlab Omega Softweave Fabric - Charcoal Blue Chair Review,2019-05-03 22:15:55+00:00
O3ZEA0zJ8MY,Secretlab TITAN 2020 Chair Review,2019-09-24 17:54:58+00:00
6uXgvzVOwqI,Secretlab Omega 2020 REVIEW | Game Of Thrones House Targaryen Gaming Chair,2020-02-15 23:49:28+00:00
3kFexYEBgJA,Secretlab 2020 Assembly Video,2019-06-10 05:56:23+00:00
CYGYb3bnc0M,Secretlab Omega SoftWeave Review,2018-10-13 05:47:04+00:00
Ap2N6BK5Xlo,Introducing the all-new Secretlab TITAN XL,2019-11-26 03:25:43+00:00
aU0mgiNbr5g,SECRETLAB Omega Review,2020-05-07 00:14:54+00:00
88h8If0WLFc,SecretLabs Titan Gaming Chair Honest Review,2019-01-19 04:43:09+00:00
cu67iyfVyVI,Secret Lab Titan 2020 Series Overview and Review,2019-06-30 22:15:59+00:00
PFngwu2Dnwc,SECRETLAB OMEGA 2020 CHAIR HAS ARRIVED! LET&#39;S DO A REVIEW!  | VLOG #014 |,2020-02-07 21:26:55+00:00
RkmS3qhrseI,Secretlab TITAN 2020 Series Review | Gaming Chair | WePC,2020-03-03 14:33:15+00:00
bUgoEnfkel4,Secret lab 2020 one year review,2020-08-26 19:49:23+00:00
5bqDbizm1Oc,Secretlab Omega Stealth Unboxing and Quick Review,2016-04-06 15:00:01+00:00
E9J0AMLmw3Y,SECRET LAB OMEGA 2020 UNBOXING I ASSEMBLY I Review,2020-05-15 18:43:59+00:00
L_FIZmUfgwU,Secretlab Omega 2018 Review - An awesome gaming and office chair,2018-12-12 12:13:12+00:00
BGHdOhmY_R4,Secretlab Omega Softweave Charcoal Review | BEST Gaming Chair on the market?!,2018-12-21 08:47:37+00:00
4j0_3qEE98o,Secretlab Omega Review: Is the Omega the Best Gaming Chair for 2020?,2018-04-21 22:17:32+00:00
EuBS6Qd_5a8,Secretlab TITAN XL 2020 REVIEW,2020-04-13 17:18:14+00:00
g9wrCgZ5T_c,"SecretLab Titan Amber 2020 Unboxing, Assembly &amp; 1st Impression Review! Gaming Office Chair",2020-06-14 15:00:23+00:00
moMMffMVaBE,Secret Lab Titan 2020 Gaming Chair Review,2019-10-11 15:22:17+00:00
Y8Mzu2Cc4Js,SECRETLAB TITAN 2020 Series COMPLETE REVIEW: Is The Upgrade Worth It?,2019-08-30 10:17:30+00:00
Bsvkuhb2FKk,SecretLab Titan Review: Release the Titan!,2018-02-27 17:01:28+00:00
inlK2kT5fPw,Secretlab NeueChair Review | Office Chair | WePC,2020-02-22 12:00:06+00:00
dpb9DEN2v74,SecretLab Titan Review,2018-06-29 06:15:25+00:00
SNel_PVOvJg,Secret Lab Titan 2020 Series Review 10-1-19,2019-10-01 08:50:44+00:00
xdMxGhFRy54,Secret lab Throne 2018 Gaming Chair Review,2018-06-28 17:56:39+00:00
gK8w3IwJXko,Secret Lab OMEGA Chair Review - Is it Really Worth it?,2017-06-12 03:14:36+00:00
10Or1z2E3Ck,My Review Of The Omega Cookies and Cream Gaming Chair From Secretlab,2020-05-02 01:16:11+00:00
So2K5LFx72E,Secretlab Titan 2020 Unboxing + Review,2020-02-16 12:00:04+00:00
U1vk_OFgxDs,SECRETLAB TITAN Gaming Studio Chair - Unboxing &amp; Review in depth,2019-03-11 09:30:00+00:00
nSdyS4LKAWY,SECRET LAB&#39;S 2020 TITAN GAMING CHAIR REVIEW,2019-09-23 00:50:05+00:00
g1sz4L36Q34,SecretLab Titan Gaming Chair Review,2018-09-20 23:05:37+00:00
kyUpHTNVpgk,"Secretlab Titan Dark Knight Edition | Full unboxing, assembly, and review",2020-07-03 15:08:06+00:00
ZiTkVQAle3w,Secretlab Omega 2020 Assembly and Review: Is It Worth It?,2020-04-08 22:30:02+00:00
5nB0_sSWwEs,Secret Lab Titan Chair Review,2017-06-16 01:01:18+00:00
uVHsrOVWy08,Secretlab - OMEGA Gaming Chair [Review],2016-02-26 08:42:32+00:00
30F4oqFRAsE,Best Gaming Streamer Chair Review &amp; Unboxing - Secret Lab Omega,2019-01-17 20:33:00+00:00
lye3o0t3N7Q,"SecretLabs - TITAN (Gaming Chair: Unboxing, Build, Review)",2019-01-14 19:05:56+00:00
Pd7tnUTJ0GA,"secretlab omega PC gaming chair unboxing,Assembly,&amp; Review",2019-02-19 19:48:55+00:00
h6ikup8Rc28,SECRETLAB TITAN - REVIEW - Best gaming seat ever??,2019-05-20 16:00:09+00:00
6C-ZZpA-wmE,Secret Lab Titan Classic 2020 Review und Unboxing (Deutsch),2020-06-06 12:30:24+00:00
r5kqIGkZoUs,Secretlab Titan 2020 Gaming chair Review,2020-03-17 21:30:04+00:00
mtotRPY_kqE,Secret Lab Titan Review,2018-03-01 06:40:48+00:00
M3BYoeZfDOI,Secret Lab 2020 Omega Gaming Chair Review!,2020-08-10 18:40:47+00:00
X5pgkPOyp8U,Secret Lab Titan 2 Year Review,2019-07-13 03:54:29+00:00
vo6Oqk1XSV8,Best Office Gaming Chair |  Secretlab Omega 2020 Assembly and Review,2020-03-31 01:27:55+00:00
5U6US6IrwNM,Watch Secretlab Titan 2020 Gaming Chair Review - Secretlab Titan 2020,2020-03-05 05:23:32+00:00
20ebXk6jYEU,Secretlabs TITAN 2020 Soft weave fabric Review,2020-09-02 01:59:05+00:00
NIPOD2SXY3A,SECRETLAB TITAN CHAIR | Assembly and Review | best chair?,2020-07-30 02:14:12+00:00
htQEHO1NeLI,Secretlab Omega 2018 Prime PU Leather Team Secret Gaming Chair Review,2019-05-27 18:41:48+00:00
iPJQMQr9PrU,"Unboxing, Review &amp; Assembly ||| Secret Lab Omega Stealth Gaming Chair ||| MALAYSIA 2018 (Eng Sub)",2018-10-30 02:01:18+00:00
7XLvawBmSiQ,Secretlab SoftWeave® BLACK³,2020-08-27 17:07:43+00:00
dshSAPVA1DU,Secret Lab Gaming Chair review after one year,2020-06-02 12:30:07+00:00
tfxJrpYvnqQ,SecretLab Throne V2 in the house! - unboxing &amp; mini-review,2016-09-15 16:37:23+00:00
3qkBkvTz94Q,Secretlab Titan Review Philippines,2020-08-21 10:52:03+00:00
GRkMjgxTyS0,Secret Lab Omega Chair Review,2020-09-04 01:21:27+00:00
hEm0tkM_Ncg,Secretlab Titan Chair Review|Unboxing|Assembly !,2020-02-23 18:48:01+00:00
AWgR4azFwB0,SecretLab Titan 2020- Game of Thrones Targaryen Review/Unboxing,2019-07-29 01:41:33+00:00
i_GdCtsl-qs,Secretlab Chair Features Usage,2019-07-12 07:18:49+00:00
QqVXQtwBTNA,Secret Lab Omega Chair review,2019-03-27 01:13:00+00:00
IPy2xzj8BU4,SecretLab Chair Review - Omega / Titan,2018-04-30 14:43:10+00:00
3rpWdBaP7h4,Secretlab Omega (SoftWeave) unbox assemble review gaming chair,2019-01-02 01:50:44+00:00
Fkey2ZvX6lU,The All-new Secretlab 2020 Series,2019-05-22 17:34:32+00:00
oPiIw-YLSjE,2020 Secret Lab Gaming Chair Review!! Should You Buy?,2020-02-29 22:15:39+00:00
Rz1mSBe6W6o,Secret Lab Titan Gaming Chair Quick Review,2017-08-25 06:27:30+00:00
l_2QUWCI5YE,Secretlab Omega Prime PU Leather Ash Gaming Chair Review,2019-06-24 13:12:43+00:00
vu9IZ5KbKUo,Secretlab League of Legends Champions Collection,2020-08-12 17:05:25+00:00
gikASBadAIk,Secret Lab Titan Series Computer Gaming Chair Review,2019-01-11 17:02:54+00:00
gEhue_9QsQk,SECRETLABS TITAN REVIEW,2019-04-18 22:27:05+00:00
9iLFZCixG-U,Secret Lab Throne gaming chair Review,2019-09-29 17:09:11+00:00
32YomFbIE90,Secret Lab TITAN 2020 ASH - Unboxing &amp; Review-  JetLoneStarr,2020-02-14 07:18:32+00:00
uMa70g2VLWY,Secretlab omega and throne 2018 review: just made of better stuff,2017-11-25 04:51:25+00:00
2-8x6jexd5Q,2020 Secret Lab Chair Review,2020-01-15 07:00:00+00:00
XToD8uHB1BY,Secretlab omega and throne 2018 review: just made of better stuff,2017-11-25 13:45:21+00:00
Znh1Qi8mVCY,Secretlab Titan 2020 Gaming Chair - First Impressions / Unboxing (Softweave),2020-04-12 12:00:00+00:00
IPtEVqLsVIM,Secretlab Titan XL vs Standard!,2020-06-04 12:00:00+00:00
J9BsxngbVEI,Is the 2020 Secretlab Titan Gaming Chair too good to be true? | Softweave Review & Unboxing,2020-05-08 12:00:00+00:00
L3_FTff8O84,Secretlab SoftWeave VS. PU Leather - REAL LIFE Comparisons,2020-05-05 12:00:00+00:00
e78Vrdo2pho,Next Level Comfort Upgrades - Secretlab TITAN 2020 Series Gaming Chair Review,2019-08-08 12:00:00+00:00
-OLJHWtTlZc,"Secretlab Titan PC Gaming Chair Unboxing, Assembly, & First Impression",2018-02-13 12:00:00+00:00
THR7LdF4CpM,Secret Lab TITAN 2020 Series 6 Months Later - Premium Chair - Premium Price But Not Perfect,2019-12-23 12:00:00+00:00
1CfHWFTDPVs,The Best Gaming Chair of 2019! | SecretLab Omega 2020 review,2019-07-08 12:00:00+00:00
2KyjSROxe4s,We View and Review - BUILDING OUR GAMING CHAIRS!,2017-10-04 12:00:00+00:00
qrXDFF-bTxk,Secretlab TITAN XL 2020 Stealth vs Titan Cookies & Cream,2020-04-14 12:00:00+00:00
BGN8fcJCVRI,Secretlab THRONE Chair for Hobbit Size People!,2019-11-20 12:00:00+00:00
cEzyY81Wids,PUTTING TOGETHER MY NEW CHAIR + GIVEAWAY!,2020-08-13 12:00:00+00:00
N8uffnwYs9Q,Cyberpunk 2077: CHAIR UNBOXING | SecretLabs Omega,2020-08-02 12:00:00+00:00
Jwbqjzsz89g,Cyberpunk 2077: CHAIR UNBOXING | SecretLabs Omega,2020-08-02 12:00:00+00:00
hm8sii0vxiU,Cyberpunk 2077: CHAIR UNBOXING | SecretLabs Omega,2020-08-02 12:00:00+00:00
