video_id,video_date,video_title,video_author,video_tags,video_duration,viewCount,likeCount,dislikeCount,favoriteCount,commentCount
31glAeRYkD4,2019-11-28 18:15:00+00:00,Secretlab Titan Review - An Honest Opinion...,Stu’s Reviews,"secret lab chair,secret lab titan 2020,secret lab review,secret lab titan review,secret lab chair review,secret lab 2020 review,secret lab titan 2020 review,titan 2020 review,titan chair 2020 review,best gaming chair,are secret lab chairs worth it,secretlab honest review,secret lab honest review,secretlab review,secretlab titan 2020 review,secretlab titan review,secretlab softweave review,secretlab review titan,secretlab titan chair,secret lab titan chair",0:11:43,142233,2669,140,0,533
cLBGKqcqJmg,2020-05-07 19:07:41+00:00,Secretlab Titan Review - 9 Months Later...,Stu’s Reviews,"secretlab titan review,secretlab titan 2020 review,secretlab honest review,secretlab review,titan 2020 review,secretlab titan long term review,secretlab after one year,secretlab titan after use,titan softweave,secret lab chair,secret lab titan 2020,secret lab review,secret lab titan review,secret lab chair review,secret lab 2020 review,secret lab titan 2020 review,secret lab honest review,secretlab review titan,titan softweave 2020,titan softweave review",0:16:01,207093,6347,400,0,902
1YS-mFoTK5c,2020-07-03 19:42:28+00:00,Secretlab Titan 2020 Review: Worth $400?,Tech Audit TV,"gaming chair,gaming chair review,best gaming chair,quality gaming chair,pro gaming chair,secretlab,secret lab,secret labs,secretlab review,secretlab chair,is secretlab worth it,secret lab expensive,secretlab full review,titan chair,titan chair review,titan chair worth it,tatv,tech audit tv",0:08:16,49704,1452,34,0,297
gGQtbDKmd3M,2018-10-29 19:11:33+00:00,The Remastered SecretLab OMEGA Gaming Chair - Comprehensive Review,Mike Wat,"secret lab omega,secret lab discount code,secret lab gaming chair,secret lab review,secret lab chair,secret lab titan,secret lab chairs,secret lab omega 2018,secretlab omega,secretlab omega black,secretlab omega black with suede,secretlab omega 2018 review,secretlab discount code 2018,secretlab chair,secret lab omega 2018 assembly,secret lab omega 2018 black,omega gaming chair,best gaming chair,gaming chair,secretlab",0:12:52,187654,3356,325,0,788
6eyQGn5Df4k,2018-10-30 23:07:41+00:00,"Secretlab Titan Review Update: 8 Months Later, Is it Still Worth It?",Tech Guided,"secretlab,titan,secretlab titan,gaming chair,secretlab titan review,pc gaming chair,review,gamer chair,best gaming chair,best pc gaming chair,gaming chair review,best gaming chairs,secret lab chair review,secret lab chair,secret lab gaming chair,secret lab titan,racing,secret lab titan chair,secret lab,secretlab titan chair,secret labs titan,secretlab omega,titan chair,secretlab chair,secretlabs titan",0:06:48,322907,2432,104,0,570
tO6GL4TV9ZM,2020-08-03 09:25:44+00:00,Everything you need to know! The 2020 SecretLab Titan Chair Full Review,Shawn Koh,"sg,singapore,vlog,video,techstuff,tech review,Singapore tech review,secretlab,gaming chair,chair review,office chair,deskset,secretlab titan,secret lab,tech reviews and more,gaming chair vs office chair,secretlab review,best gaming chair for back pain,product review,gaming,gamer,leather chair,secret lab singapore,singapore review,omnidesk,work from home,home office,best gaming chair,secret lab chair,secretlab titan review",0:10:09,5733,116,5,0,56
1ABIJZdhv3s,2020-05-13 18:30:00+00:00,Secretlab OMEGA Softweave & PU leather 2.0 - ONE Year Later REVIEW!,HotshotTek,"secret lab chair,secret lab omega chair,secret lab omega 2020 review,secretlab omega 2020,secretlab omega 2020 softweavetm - charcoal blue,omega secret lab pu leather vs softweave,omega secret lab gaming chair,omega secret lab ONE YEAR,secretlab omega cheap,secretlab,secretlab softweave vs pu leather,softweave vs pu leather,secretlab pu leather vs softweave,titan 2020 softweave vs pu leather,prime 2.0 pu leather,secret lab gaming chair,secret lab chair review",0:10:58,55689,765,31,0,176
KuDumLawukw,2019-08-30 19:00:02+00:00,Secretlab Titan vs Omega 2020 Series Size Difference - Find the BEST FIT for YOU!,Mike Wat,"secretlab omega vs titan,secretlab titan vs omega,secretlab titan 2020,secretlab omega 2020,titan vs omega,omega vs titan,secret lab omega,secret lab discount code,secret lab gaming chair,secret lab review,secret lab chair,secret lab titan,secret lab chairs,secretlab omega,secretlab omega black,secretlab omega black with suede,secretlab chair,omega gaming chair,best gaming chair,gaming chair,secretlab,secretlab 2020,2020 titan,2020 omega",0:14:23,99311,2743,44,0,558
nBnCOKf2V7g,2020-05-21 17:00:14+00:00,"SecretLab TITAN Gaming Chair: 2 YEARS LATER, is it worth the PRICE?",Fracno,"fracno,franco,gaming chair,secretlab titan,secret lab titan,secretlab titan review,best gaming chair,secret lab chair,titan chair,secret lab chair review,gaming chair review,secret lab,secret lab gaming chair,secretlab review,secretlab chair,secret lab titan chair,secret lab titan review,secret lab gaming chair review,secret lab titan 2020,best gaming chairs,gaming chair vs office chair,secret lab review,best pc gaming chair,titan chair review",0:12:16,89453,1912,89,0,362
Gtc4ygj2l_A,2019-01-29 16:30:08+00:00,"SecretLab Omega Gaming Chair - £300, but does BRIONY rate it ?",KitGuruTech,"kitguru,video,technology,new,news,interviews,reviews,exclusive,briony hannam,SecretLab Omega Gaming Chair,gaming chair,best gaming chair 2018,best gaming chair 2019,secret lab gaming chair,secretlab omega 2018,secret lab chair review,secretlab omega,secret lab titan,secretlab titan review,secret lab omega,secretlab omega 2018 review,secretlabs titan,secretlab titan chair,secret labs titan,secretlab titan,secretlab omega review,secretlab titan assembly,300",0:12:40,237721,3349,141,0,590
DiEbEXnW2qY,2019-05-22 15:06:20+00:00,2020 Secretlab Review: What's New & Is It Worth Buying,GottaBeMobile,"Secretlab 2020 Review,Secretlab,Secretlab TITAN,2020 Secretlab TITAN,2020 Secretlab review,gaming chair",0:08:01,65188,904,44,0,194
v8sgvci6gR0,2019-07-28 19:00:04+00:00,SecretLab Titan 2020 Gaming Chair Review,PAINFULLY HONEST TECH,"Painfully,gaming chair,secret lab,best gaming chair,gaming chair review,secret lab titan,secretlab titan,secret lab gaming chair,secret lab chair,titan chair,secretlab titan review,secretlab chair,secretlab titan chair,secret lab chair review,pc gaming chair,secret lab titan chair,best gaming chairs,secret lab titan review,secret labs titan,best pc gaming chair,secretlabs titan,secret lab gaming chair review,painfully honest tech",0:06:52,66919,1008,166,0,290
fhAPsgb6MNk,2019-06-24 18:30:00+00:00,Secretlab OMEGA 2020 Series REVIEW Softweave VS 2.0 PU Leather Comparison,HotshotTek,"secretlab omega 2020,secretlab omega 2020 review,secretlab omega softweave,secretlab 2020 series,secretlab 2020 series review,best office chair,most comfortable office chair,secretlab titan softweave,secret lab titan,secretlab,gaming chair,secret lab gaming chair,secret lab,gaming chair review,secret lab chair,best gaming chairs,best gaming chair,secretlab 2020 chair,secretlab omega vs titan 2020,secretlab omega softweave charcoal,gaming chair roundup 2019",0:11:42,159200,1870,146,0,291
0xmKMHNCRlw,2020-05-12 14:48:23+00:00,Secretlab Titan Series 14 Months Later... BEST Gaming Chair or RIP-OFF?!,Big E,"big e,bige,bigelive,big e live,big e vlogs,funny,blog,North Carolina,g fuel,setup,gaming setup,office,setup wars,gfuel,secret lab chair,secret lab titan 2020,secret lab review,secret lab chair review,best gaming chair,secret lab honest review,secretlab review,secretlab titan 2020 review,secretlab titan review,secret labs,gaming,gaming chair,office chair,secretlabs,secretlabs titan,titan chair,secret labs titan,secret lab softweave vs pu leather",0:10:17,15451,319,86,0,117
DBI_1GafwXw,2020-02-20 16:04:44+00:00,BEST Gaming Chair?! Secretlabs LONG TERM Honest Review! [Titan SoftWeave],Big E,"gfuel,big e,bige,bigelive,big e live,big e vlogs,funny,vlog,comedy,4k video,blogging,secret lab chair,secret lab titan 2020,secret lab review,secret lab chair review,secret lab titan 2020 review,titan 2020 review,titan chair 2020 review,best gaming chair,are secret lab chairs worth it,secret lab honest review,secretlab review,secretlab titan 2020 review,secretlab titan review,secretlab softweave review,secretlab review titan,secret lab titan chair",0:07:01,24250,435,87,0,95
jVym-RUtTMk,2020-07-04 06:22:02+00:00,Secretlab Leather | The Truth | 2 Year Review,Jon & Jas,"secretlab,gaming chair,review,leather damage,warranty replacement,the truth,secret lab,chair,titan,omega,replacement,leather,new,warranty,leather care,how to",0:06:16,1145,8,11,0,6
BqIse8WLS74,2017-11-26 10:00:00+00:00,Secretlab vs DXRacer - which is best?,Primeval Media,"Secretlab vs DXRacer - which is best?,Secretlab Titan Review,Secretlab Titan Singapore,DXRacer Singapore,DxRacer King Series Singapore,Primeval Media,Secretlab vs DXRacer,Is Secretlab or DXRacer better,Secretlab Titan,Secretlab Singapore,DxRacer King Series,Secretlab Chair,Best Gaming Chair,Gaming Chair in Singapore,Best Gaming chair in Singapore,Titan vs King Chair,Secretlab Review,DXRacer King Series Review Singapore",0:09:22,93774,447,420,0,223
WjWAGOEjXtQ,2020-07-19 16:53:52+00:00,Secretlab Titan 2020 Series unboxing and review,The Provoked Prawn,"Provoked Prawn,The Provoked Prawn,Secretlab Titan 2020 Series,Secretlab Titan 2020 Series review,Secretlab Titan 2020 Series unboxing,Secretlab Titan 2020 Series setup,Secretlab chair review,Secretlab titan review,secretlab titan 2020 softweave review,secretlab titan 2020 assembly,secretlab titan 2020 charcoal blue,secretlab titan 2020 dimensions,secretlab titan 2020 series softweave fabric,secretlab titan 2020 honest review",0:16:06,6941,153,7,0,75
FJ20JBOMOws,2019-12-06 23:34:47+00:00,"2020 Secretlab Titan Softweave Unboxing/Review (Bad Build Quality, Questionable Customer Service)",Coderbro_,"secretlab,titan,omega,secretlab titan,fortnite,call of duty,gamer,gaming,gaming chair,2020 secretlab,twitch,pc gaming,gamer chair,dxracer,softweave,softweave gaming chair",0:12:30,10746,107,276,0,92
Otfl8rzba8I,2020-02-27 19:30:00+00:00,"Secretlab Omega Stealth 2020 Series Gaming Chair || FULL Unboxing, Assembly, and Review",Lil Rice Muncher Gaming,"Secretlab,Secret,Lab,Omega,Titan,2020,Series,Gaming,Chair,Gaming Chair,Throne,Titan XL,Computer chair,Office chair,Desk chair",0:40:48,18309,241,26,0,154
dUW-vNhVtr8,2019-07-11 14:43:58+00:00,Are Gaming Chairs Worth It? — SecretLab Titan 2020 Unboxing,iPhonedo,"iPhonedo,2020,which gaming chair to buy,which gaming chair should I buy,which gaming chair,gaming chair,gaming chair review,gaming chair unboxing,gaming chair 2018,ecretlab,titan,explained,how to pick,which,best,the best,best gaming chair,but can you do this,which chair,lumbar support,lumbar",0:06:19,97207,2047,143,0,219
lRL691QA_vI,2018-06-25 21:11:07+00:00,"Secret Lab Titan Chair, 1 Year Later Review",Crue Steele,"Titan Chair,Review,Gaming,Gamer,Crue Steele,Not Sponsored,Honest",0:17:28,74367,1088,59,0,718
TlSYI81djuI,2019-12-21 01:40:23+00:00,Secretlab Omega 2020 Review: Worth the hype?,HannicAttack,"gaming chair,best gaming chair,secret lab gaming chair,Omega 2020",0:11:32,12031,236,18,0,76
uxTdg7KJtDs,2020-07-05 21:09:47+00:00,Secretlab TITAN Gaming Chair 2020 Review *honest*,Stephanie Snow,"product,review,product review,honest,gaming,chair,gaming chair,titan,secretlab,usa,stu's reviewers,ben cad,big E,Mike Wat,best,omega,tech,2020,gamer,gamer girl,pokimane,fourth of july,lilypichu,scarra,fed,fedmyster,drama,Alpha Gaming,Twitch,Assembly,Build,Features,Usage,Expensive,High end,king-size,secret labs,weave,which one should I get,1 month later,3 months later,first impressions,unboxing,unbox,softweave,worth,good for you,truth,real,worth it for you,coach",0:12:29,492,40,1,0,31
sTmapy3tAU4,2019-04-19 19:30:01+00:00,Secretlab Omega NAPA Leather Best Gaming Chair in 2019?- In Depth Review,HotshotTek,"secretlab omega napa review,Secretlab Omega NAPA,secretlab omega 2019,best gaming chair,secretlab,gaming chair,secret lab gaming chair,secret lab chair,secret lab titan,gaming chair review,best gaming chairs,secret lab,secretlab omega 2018,secretlab titan napa,review,best gaming chair 2019,gaming chair cheap,best gaming chairs 2019,omega gaming chair,best budget gaming chair 2019,secretlab chair,2019 omega chair,secretlab omega elite,NAPA,6 months",0:08:12,21233,245,14,0,55
lxnrHv7rIMI,2019-12-23 19:13:01+00:00,"Secretlab TITAN 2020 for 5'6"" height review after 3 months - Shot on Sony A7iii",Ed De Asis,"gaming chair,secretlab titan 2020,secretlab titan,secret lab chair,secret lab,best gaming chair,best gaming chairs,gaming chair review,most comfortable gaming chair,gaming chairs,gaming chair unboxing,best budget gaming chair,best cheap gaming chair,best gaming chairs 2020,secret lab gaming chair,secretlab titan review,secretlab titan chair,secret lab titan,secretlab chair,secret lab titan chair,best pc gaming chair,secret lab gaming chair unboxing",0:08:14,8311,102,5,0,48
ig7EJPdpRdc,2019-10-18 16:08:29+00:00,Secretlab Omega Review (2020),GottaBeMobile,"Secretlab Omega,Omega,secretlab,review,2020 Omega,2020 Secretlab Omega,2020 Secretlab Omega Review,2020 Omega review,Gmaing chair,gaming chair reiew,Secretlab chair,Secretlab review",0:06:43,41308,481,13,0,122
ZP543Ikqz_I,2017-10-19 17:13:41+00:00,Review and Build of Secret Lab Titan Chair | Moonstreuxx,Moonstreuxx,"secret,lab,titan,chair,twitch,girl,streamer,moon,moon farron,moonstreuxx,samantha,mora,dancer,singer,gamer,games,video games,pretty",0:08:12,36510,379,119,0,96
248RgzEZzU0,2019-05-08 11:45:54+00:00,NeueChair (By Secret Lab) Review | Premium Mesh Productivity & Gaming Chair,Jay RPG,"Jay RPG,neuechair reviews,Neuechair,Neuechair Review,Neuechair Secret Lab,secretlab neuechair,secretlab neuechair review,secret lab chair,secret labs titan,secret lab omega 2018,secretlab omega,secret lab titan review,secret lab omega vs titan,secret labs titan assembly,neuechair vs herman miller,neuechair headrest,neuechair vs aeron,neuechair test,neue chair secret lab,secretlab new chair,Gaming Chair,Gaming Chair Review,Mesh Chair,Office Chair",0:05:37,15378,156,20,0,39
oJj5ybJLBUg,2019-07-07 13:00:07+00:00,Secretlab Omega 2020 Gaming Chair Review,Brian Cotter,"secret lab omega 2020 gaming chair review,omega 2020,secret lab omega,secretlab,omega,gaming chair,most comfortable gaming chair,secret lab omega 2020,omega chair,secret lab,best gaming chair,secretlab omega,secretlab review,omega gaming chair,secret lab chair,secret lab gaming chair,secretlab chair,best gaming chairs,chair,review,comparison,gaming chair review,best gaming chair 2019,best computer chair 2019,secretlab omega review,secretlab omega 2020",0:08:28,21342,214,64,0,76
30s3x6M8U3U,2019-03-16 04:21:04+00:00,SecretLab Titan Chair Demo & Review,Darryl Syms,"Darryl Syms,Life Of Darryl,Guitar,Ibanez,Vegan,Guitar Lesson,How To,Lesson,Tutorial,Theory,Scales,Beginner,Advanced,Chords,Chair,Secret,Lab,SecretLab,Titan,Review,Demo,Features,Thoughts,Office,Gaming,For Guitar,Comfort,Best,For,Players,Long,Use,Extended,Yep",0:08:50,14406,191,13,0,78
XtPfedlMqwM,2020-06-11 08:13:00+00:00,Secretlab Titan 2020 Series (Unboxing & Review) [is it worth it?],Jared Willemsen,nan,0:08:40,1803,43,1,0,9
qiKVFDyy2iI,2018-11-19 10:00:08+00:00,Secretlab Omega Softweave Fabric Edition - The Most Comfy Gaming Chair?,Primeval Media,"Secretlab Omega Softweave Fabric Edition - The Most Comfy Gaming Chair?,Secretlab omega softweave,secretlab omega 2018 softweave,primeval media,secretlab omega softweave singapore,secretlab omega softweave review,secretlab omega softweave gaming chair review,most comfy gaming chair 2018,secretlab omega softweave vs leather,softweave vs leather gaming chair,best comfortable gaming chair 2018,secretlab omega softweave fabric edition,secretlab softweave review singapore",0:04:13,38781,417,32,0,117
VXkbeTUhGV4,2020-03-19 18:15:11+00:00,What Gaming Chair is BETTER?! Secretlabs 2020 Unboxing & Review | Leather VS. SoftWeave,Big E,"big e,bige,bigelive,big e live,big e vlogs,funny,funny videos,vlog,vlogger,comedy,4k video,asus,instagram,blogging,blog,reality,family vlogs,North Carolina,g fuel,secret labs,gaming,gaming chair,office cahir,office chair,secretlabs,secretlabs titan,titan chair,secret labs titan,secret labs titan 2020,cookies n cream,secret lab softweave,secret lab softweave vs pu leather",0:09:32,16684,499,33,0,102
qvnR4BChZjQ,2019-01-16 03:40:36+00:00,SECRETLAB OMEGA AND THRONE SOFTWEAVE FABRIC REVIEW | VLOG 09,Andy Xu,"secretlab,secret lab,secretlab omega,secretlab throne,omega review,throne review,secretlab omega chair review,secretlab throne chair review,secretlab omega softweave,secretlab throne softweave fabric,secretlab softweave fabric,secret lab softweave fabric,softweave fabric,gaming chair,ergonomic chair,gaming chairs,ergonomic chairs,best gaming chair",0:09:55,6042,nan,nan,0,60
J-w0fUX4EDk,2019-03-12 09:57:46+00:00,Secretlab Titan Review - Is it worth it?,fully,"secretlab titan review,secretlab titan,secretlab,secretlab review,gaming chair,best gaming chair,gaming chair review,secretlab softweave,secretlab chair,secret lab chair,titan chair",0:22:09,1110,15,4,0,7
6c9Ziy77O9g,2020-02-28 15:00:07+00:00,Secretlab OMEGA 2020 Series Review | Gaming Chair | WePC,WePC,"secretlab omega 2020,secretlab omega 2020 review,gaming chair,gaming chair review,best gaming chairs 2020,secretlab,omega,secretlab omega,secretlab omega review,pc gaming chair,review,gamer chair,best gaming chair,best pc gaming chair,best gaming chairs,secret lab chair review,secret lab gaming chair,secret lab omega,secret lab omega chair,secret lab,secretlabs omega,2020 Series Review,Gaming Chair,Secretlab omega 2020 Series Review,WePC",0:08:08,1756,43,6,0,27
pTyWGyfW2T4,2020-02-26 00:02:21+00:00,I Gave My Brother A High End Gaming Chair | Secretlab Chair Review,MarkTheLoneShark,"gaming chair,best gaming chair,secret lab titan,gaming chair review,gaming chair unboxing,gaming chair build,secret lab,gaming,secret lab gaming chair,gift,giving away,secretlab,secret labs titan 2020",0:07:38,426,20,1,0,7
iGNUwC8X5g0,2019-04-11 01:30:00+00:00,Secretlab Omega Gaming Chair Unboxing & Review - Best Gaming Chair 2019,Happy Aujla,"best gaming chair 2019,gaming chair cheap,secret lab chair,best gaming chairs 2019,omega gaming chair,secretlab titan,top 10 best gaming chair 2019,best budget gaming chair 2019,best computer gaming chair 2019,best gaming chair india,best cheap gaming chair india,secretlab omega indian edition,2019 omega chair,secretlab,secretlab chair,Secretlab Omega Gaming Chair Unboxing & Review,india best gaming chair 2019,best gaming chair 2019 india,happy aujla",0:10:15,2869,193,8,0,77
tUkYGEdvOck,2020-07-24 01:23:10+00:00,Secretlab OMEGA 2020 Series PU Leather 2.0 Gaming Chair REVIEW/Unboxing,IAm_DavidB,nan,0:09:53,137,3,0,0,7
F-Z9Syv4RWU,2018-02-11 10:44:00+00:00,Secret Lab Omega 2018 Gaming Chair Review.,Origami Originals,"secret lab,secret lab gaming chair,gaming chair,best singapore gaming chair,best gaming chair,secret lab 2018,secretlab,gaming chair 2018,omega 2018,omega gaming chair,omega gaming chair 2018,office and gaming chair,gaming and office chair,budget gaming chair,premium gaming chair,leather gaming chair,singapore gaming chair 2018,singapore secret lab chair,secret lab chair,black gaming chair,chair for gaming,chair for editors",0:12:50,7373,137,11,0,27
_5JOZlRQqzY,2019-01-12 16:05:11+00:00,"Secret Lab Titan Chair: Unboxing, assembly and review",eyespy0099,"Eyespy0099,Secret Lab,Titan Chair,Gaming Chair",0:20:17,2873,46,3,0,15
G-IAAWdGJbI,2018-04-26 21:08:37+00:00,StreamGEAR Review - 2018 Secretlab THRONE (White),BabbooTV,"Product Review,Secretlab,Gaming Chair,Gaming Furniture,Gaming",0:04:12,6851,62,25,0,39
ln3xsEnwL8k,2017-05-09 03:17:07+00:00,$300 Gaming Chair Review / SecretLab Omega,UnsponsoredUnboxing,"SecretLab,Gaming Chair,Omega,Unboxing,ROYAL BLUE,SETUP,GAMING,DXRACER,TECH",0:05:22,23307,192,36,0,59
1zvv9e-_s1Y,2016-08-15 04:23:30+00:00,Secretlab's OMEGA (PRODUCT REVIEW),TECH360.TV,"secretlab,secret lab,secretlab omega,secret lab omega,secretlab review,secret lab review,tech360,tech360.tv,best gaming chair,singaporean gaming chair,singapore gaming chair,secretlab gaming chair,secretlab chair,secret lab chair",0:00:59,4963,8,14,0,0
Vq1cSlFib7A,2019-05-01 05:30:00+00:00,MkElite Review: Secretlab SoftWeave™ TITAN 2019 Gaming Chair!,MkElite,"mkelite gaming setup,secretlab gaming setup,secretlab review 2019,secret lab chair,secretlab gaming chair review,secretlab softweave titan,secretlab review reddit,secretlab pewdiepie,secretlab vs dxracer,secret lab titan vs,secret lab titan,best gaming chair 2019,best gaming chair under 300,best gaming setup 2019",0:10:35,6296,180,12,0,39
iuSc0vTE1Lc,2020-07-26 15:00:20+00:00,Secretlab Gaming Chair 2020 - ? Edition (Unboxing and Review),Amir Al Take,"secretlab gaming chair,secretlab gaming chair unboxing,secretlab omega 2020,best gaming chair,secret lab omega 2020 assembly,secret lab omega 2020 review,gaming chair review 2020,secret lab omega 2020 unboxing,secretlab omega 2020 gaming chair review,secretlab chair review,secretlab chair,secretlab omega review,secretlab omega,best gaming chair review 2020,gaming chair,gaming chair review,secret lab chair,secret lab chair review,secret lab omega",0:23:21,46,8,0,0,2
lxG8CFFhYbM,2019-01-13 04:01:47+00:00,Secretlab titan gaming chair review,Chairs FX,"gaming chair,secretlab,secretlab titan,gaming chair review,best gaming chair",0:01:40,1103,1,1,0,2
aT1Yw5nlRgs,2018-12-29 10:25:20+00:00,Secretlab Titan gaming chair review,Alvin Lu,"titan gaming chair,best gaming chair,long hour,best chair,review of titan chair,the best gaming chair,the top gaming chair,secret lab titan chair,secret lab titan,gaming chair",0:05:58,502,6,0,0,1
-Xs8Iw6IHFM,2018-12-21 08:26:30+00:00,Secretlab SoftWeave review: Firm and secretly comfortable,TECH360.TV,"Secretlab,SoftWeave,gaming chair,Titan,Omega,Throne,Prime PU leather,secretlab titan softweave review",0:04:25,47291,345,20,0,147
ZSycSfUwH6E,2018-03-17 18:04:15+00:00,Are Gaming Chairs Comfortable? — SecretLab Titan Unboxing And Review,iPhonedo,"which gaming chair to buy,which gaming chair should I buy,which gaming chair,gaming chair,gaming chair review,gaming chair unboxing,gaming chair 2018,secretlab,titan,explained,how to pick,which,best,the best,best gaming chair,but can you do this,which chair,lumbar support,lumbar",0:08:19,285148,5780,656,0,701
ovBIX2VGXrQ,2020-05-04 23:00:20+00:00,Secretlab Titan 2020 Soft weave Review,NoNamesWork,"review,Titan,chair,soft,weave,softweave,secretlab",0:07:37,1696,79,2,0,52
IO9wVAxzO2Q,2019-08-15 15:29:22+00:00,Secretlab 2020 Series (Game of Thrones - Targaryen version) Gaming Chair Review,E Minor,"secretlab,gaming chair,game of thrones,targaryen,review",0:03:37,1878,28,3,0,6
OlTYYLxJFSY,2020-01-06 01:26:35+00:00,Secretlab TITAN 2020 Gaming Chair Un-boxing & Review,Legacy Gaming FL,"TITAN,GAMING,CHAIR,OMEGA,SECRET,LABS,PEWDIEPIE,LEGACYGAMING,2020,BIG AND TALL",0:10:23,699,15,4,0,6
9qDYXjSl73A,2020-05-18 13:30:00+00:00,Secretlab TITAN XL 2020 Review | Is A $500 Chair Worth It? (SoftWeave),Digital Cynics,"secretlab titan xl,best gaming chair,secretlab titan review,secretlab titan,gaming chair,secret lab chair,secretlab review,gaming chair review,secret lab,secret lab titan,secret lab chair review,best gaming chairs,secretlabs titan,secretlab titan 2020 review,secret lab titan 2020,secret lab titan review,secret lab titan 2020 review,secret lab gaming chair,secret lab titan chair,secretlab omega,secretlab chair,best office chair,Secretlab titan xl 2020",0:11:52,7146,160,10,0,109
ywRs5qgLLIE,2019-07-14 15:42:00+00:00,Secret Lab: Game of Thrones House Stark Limited Edition Review & Unboxing! Best Gaming Chair 2019?,Limit Break,"stark chair review,house stark chair,secret lab titan review,secret lab,secret lab chair,secret lab chair review,secret lab titan,secret lab game of thrones,game of thrones gaming chair,best gaming chair 2019,secret lab omega,secretlab titan,secretlab titan review,secret lab omega 2020,recline,lumbar support,secretlab titan 2020,secretlab omega 2020,secretlab titan vs omega,secretlab omega review,secretlab omega,secretlab,titan chair,secretlab chair",0:06:54,6734,79,2,0,63
V67MJ7kzV_E,2020-01-05 16:30:01+00:00,The TITAN 2020 Series Gaming Chair from Secretlab - Consumer Review!,GoonzigGaming,"gaming chair,secret lab,best gaming chair,gaming chair review,secret lab titan,secretlab titan,secret lab gaming chair,secret lab chair,secretlab titan review,secretlab chair,secretlab titan chair,secret lab chair review,pc gaming chair,secret lab titan chair,best gaming chairs,secret lab titan review,secret lab gaming chair review,secretlab titan 2020 series,gaming chair review 2019,best gaming chair 2019,best gaming chairs under 200",0:10:07,1642,55,2,0,20
74oz3XGUUzw,2019-04-29 18:09:22+00:00,Rap Tech Review - Gaming Chair - Secret Lab Titan Chair | 2 Month Update,CKid,"secret,labs,titan,chair,gaming chair,titan softweave gaming chair,titan softweave color,titan gaming chair,secret lab 2 month update,secretlab titan softweave,secret lab titan update,mk11,ckidtech,rap tech review,secret lab,secret lab titan chair,2 month update,rap tech",0:02:23,3701,135,22,0,42
YJTDUI6KZzI,2019-02-23 16:05:23+00:00,Secret Lab Titan Chair 6 Week Review,The Wong Reviewer,"Secretlabchairs,titanchair,Secretlabs,gaming chair review",0:09:57,490,8,1,0,4
gOAfwiNKEE8,2017-12-10 23:55:23+00:00,ASH GRAY SECRET LAB OMEGA UNBOXING / REVIEW,Steezzy,"vlog,vlogger,steven,carlton,steezzy,mn,blogs,vlogs,secret lab,secret labs,omega,omega chair,secret labs omega,gray secret labs chair,grey secret labs chair,ash color secret labs,ash color omega,best gaming chair,gaming chair,game chair,best office chair,unboxing,unbox,review",0:06:40,8236,79,8,0,79
0NFF3vOrSmU,2019-01-14 23:23:20+00:00,Secretlab Titan Review & Setup | Is it comfortable?,CJKnowsTECH,"secretlab titan,secretlab titan review,secretlab titan assembly,secretlab titan chair,secretlab titan series review,secretlab titan series chair,best gaming chair,pc gaming chair,best gaming chairs,gaming chair review,secret lab,titan chair,secret lab titan,secretlab omega,secret lab gaming chair,secretlab chair,gaming chairs,secret lab titan chair,secret lab chair review,best office chair,secret labs titan",0:12:15,1877,65,17,0,35
Qva8SfdZv2I,2019-03-17 23:00:00+00:00,SecretLab Titan Review 2019 - IS THIS THE BEST GAMING CHAIR?,WhatGear,"secretlab titan review 2019,secretlab titan review 2020,secret lab titan review,secretlab titan 2020,secretlab titan review,secretlab chair titan,secretlab titan review 2018,secretlab titan,secret lab chair titan,secretlab titan vs omega,secret lab gaming chair titan,secret lab gaming chair,secretlab titan ash,secretlab titan honest review,titan chair secret lab,gaming chair review 2019,secret lab chair review,secret lab gaming chair review,best gaming chair",0:06:12,4167,56,8,0,24
NXSXjRRvb3Y,2020-07-21 23:36:20+00:00,SECRET LAB OMEGA GAMING CHAIR REVIEW (After 2 Months),JustLah,nan,0:04:35,206,6,0,0,0
4H0YZACZvVk,2019-03-30 15:51:20+00:00,Secret Lab Titan Chair | Unboxing and Review,PC Battlestations,"Secret Lab,Secret Lab Chair,Secret Lab Titan Chair,Unboxing,Unbox,Review,Unboxing and Review",0:10:21,5454,88,9,0,31
bIaY5OAG49c,2020-09-12 15:30:41+00:00,SECRETLAB X CYBERPUNK 2077 TITAN CHAIR | ASSEMBLY & REVIEW,Edmon Jiddou,"secretlab,cyberpunk,cyberpunk2077,cyberpunk 2077,gaming chair,seat,office chair,videogame,alanah pierce,videogames,secretlab x cyberpunk,review,assembly,howto,unboxing,titan,omega",0:10:49,510,19,1,0,17
i8SFdf3_5DI,2018-12-04 05:21:39+00:00,SecretLab Titan Ash: Unboxing - Assembly - Quick review,MedievalSwagger,"titan,secret,lab,ash,pu,leather,review,unboxing,assembly,tutorial,gaming,chair,for,big,boys",0:07:06,2864,24,7,0,11
RmuxUNlVjsM,2018-09-07 18:13:12+00:00,SECRETLAB TITAN REVIEW || CoryMura,Cory Mura,"secretlab titan,secretlab,review,gaming chair,gaming,cory mura,noblechairs,secretlab titan assembly,secretlab titan review,secretlab titan chair,secretlab titan 2018,omega,throne,best gaming chairs,gaming chairs,secret lab gaming chair,pc gaming chair,titan chair,titan chair secret lab",0:14:28,6014,127,5,0,36
W0cyPrjs4OU,2020-05-04 15:00:14+00:00,SecretLab Titan 2020 Gaming Chair Unboxing & Review,Jon Levesque Tech,"jon levesque,jon levesque microsoft,gaming chair,secretlab titan,secret lab,best gaming chair,secret lab titan chair,secret lab gaming chair,secretlab titan review,best gaming chairs,jon levesque youtube,titan 2020 xl,secretlab titan 2020,secretlab 2020,unboxing video,secretlab titan unboxing,secret lab titan 2020,secret lab chair,secret lab chair review,secretlab titan 2020 unboxing,secret labs titan,secretlab review,secretlab chair",0:06:11,1260,35,0,0,24
nOsE0JfmWv0,2017-01-29 07:41:16+00:00,A PC Gaming Chair for a King - Secret Lab Titan Review,Brainbean,"Secret lab titan review,secret lab chair review,secret lab chair,secret lab gaming chair,secret lab titan,PC gaming chair,racing,secret lab titan chair,best pc gaming chair,best gaming chair for pc,gaming chair,secret lab,secret lab titan unboxing,secretlab titan,secretlab,secretlab titan review,secretlab titan chair,gaming chair review,secret labs titan,secretlab omega,titan chair,secretlab chair,secretlabs titan,titan gaming chair",0:05:24,100430,858,35,0,214
iYiybdhJQQA,2019-01-22 21:36:36+00:00,Secret Lab Titan SoftWeave Gaming Chair Review | Are Gaming Chairs Worth It?,Jay RPG,"secret lab,secret lab chair,secret lab titan,secret lab softweave,secret lab titan softweave,Jay RPG,JRPG,gaming chair,secret lab titan review,secret lab gaming chair,secret lab chair review,secret lab gaming chair review,secret lab softweave review,gaming chair review,are gaming chairs worth it?,gaming chair review 2019,best gaming chairs 2019,secret lab titan series,secret lab titan chair review,office chair,neuechair",0:06:40,36327,505,20,0,95
fzuvanXvxxY,2020-07-12 14:34:28+00:00,Secretlab Omega Gaming Chair : Unboxing and Review 2020,JojosFairyTaleTV,"what gaming chair is the best,gaming chair 2020,best gaming chair 2020,secretlab gaming chair,omega black gaming chair,gaming chair review,gaming chair review 2020,what gaming chair should I buy?,gaming room projects,Secret lab review,omega black 2020 gaming chair,best working from home chair,best office chair 2020,best office chair,best working from home chair 2020,best chair for back support,gaming chairs",0:02:41,234,9,0,0,3
OeHNan1nvtw,2019-05-31 14:12:52+00:00,2020 Secret Lab Omega Review,DRIFT KING 1413,"Secret Lab,Omega,Review",0:02:11,1035,18,1,0,10
Tbaigg-jL1c,2018-12-26 22:19:33+00:00,Unedited-RAW SecretLab Chair Review!!,Azumatt,"chair,secretlab,review,unedited,comfortable,streaming,reliable,twitch",0:10:41,1564,20,2,0,7
hb6DyOaHSbk,2020-03-23 00:07:59+00:00,2020 Secretlab Softweave Titan REVIEW,passmethedefeat,"gamingchair,secretlab,titan,review,softweave,2020",0:13:19,210,2,2,0,4
kg3v1bbGBcw,2020-06-03 05:00:14+00:00,Ini kursi kerja ternyaman dan TERBAIK SEDUNIA. Review kursi sultan dari Secret lab,Fulus com,"secretlab,kursi kantor,gaming chair,kursi gaming,kursi terbaik,kursi sultan,titan,secret lab,secretlab titan,kursi import,review kursi,kursi terbaik sedunia,kursi nyaman,kursi kerja",0:09:24,1594,21,3,0,5
w_vEKmKiF-g,2019-07-15 23:12:07+00:00,SecretLab Titan 2020 - Lannister Game Of Thrones Edition Unboxing & Review,Jopa Quest,"secretlab game of thrones chair review,secret lab gaming chair 2020,secretlab titan review 2020,secretlab titan 2020,secretlab titan game of thrones lannister,secret lab titan game of thrones,secret lab lannister,secretlab lannister review,secret lab lannister unboxing,secret lab chair review 2020,secret lab chair game of thrones,gaming chair 2020,gaming chair review 2019,secretlabs titan,secret lab titan,best gaming chair,gaming chair review,secret lab",0:05:28,5801,95,7,0,30
eEBLIZJUdxo,2018-10-02 17:59:21+00:00,Secretlab Titan Review : Can a Gaming Chair Up Your Game?,GottaBeMobile,"TITAN,secretlab,secretlab titan,gaming,video games,gaming chair,secretlab review,secret lab titan chair,secretlab titan review,pc gaming chair,best gaming chair,best gaming chairs,secretlab chair,secret lab titan,secret lab chair,secret lab chair review,worth it,secret labs titan,secretlabs titan,titan gaming chair,secretlab titan 2018,gaming chair review,titan chair",0:06:35,3882,30,6,0,13
OiDAzTLe66s,2020-08-11 14:44:21+00:00,Review: Secretlab Omega,Nazry Isa,nan,0:02:21,140,5,0,0,0
lynSbhuXiE4,2018-03-16 11:54:12+00:00,Secretlab Titan | Setup and Review,JuanNOnlyGaming,nan,0:05:47,4094,58,5,0,23
QyDH02Uwd-M,2019-11-15 20:43:50+00:00,The Best Gaming/Office Chair? SecretLab Titan 2020 In-Depth Review,Mr Everything,"SecretLab Titan,Secret Lab Titan,SecretLab Chair Review,SecretLab Titan 2020 vs 2018,SecretLab Titan Unboxing,SecretLab Titan Review,SecretLab Omega,Best Office Chair 2020,Best Gaming Chair 2020,Best Gaming Chair 2019,Affordable Office Chairs 2020,Affordable Gaming Chair 2020,Best Quality Gaming Chair,SecretLab Is it Worth It?,Does SecretLab Suck?,Best Big And Tall Gaming Chair,Best Big And Tall Office Chair,2020 Series,Killabee,DXRacer,OPSeat,Titan XL",0:32:09,2782,53,10,0,36
B8Y3h0PHzb8,2020-01-23 14:00:10+00:00,Secret Lab Titan 2020 - Unboxing and Review!,ItsTooLat3,"unboxing,secret lab,secretlab,titan,gaming chair,review",0:08:05,296,10,0,0,4
ArHV8Himy8A,2020-07-18 03:17:33+00:00,Cooler Master Caliber R2 Review! Comparison with Secret Lab Omega,Awesome Toys TV,"cooler master,caliber r2,caliber,cooler master malaysia,gaming chair,omega,secretlab,secret lab,todak",0:04:11,1696,43,0,0,14
EPsPFuzlxqY,2019-07-14 00:36:15+00:00,SecretLabs Titan Review (Dark Knight Edition),LifeOfBonnas,"LifeOfBonnas,Youtube,Gaming,Vlogs,Sports,Lifestyle,Mlb The Show 19,Mlb The Show 19 RTTS,MLB,Gameplay,Reaction,SecretLabs,Dark Knight,Secretlabs Dark Knight Edition,Review,Product Summary,SecretLab Titan,camper,Girlfriend,Batman,Batman edition Titan,Gaming Chair Review,Gaming Chair",0:09:27,2294,26,17,0,16
oYcmONFIZos,2017-03-18 02:25:30+00:00,SecretLab Omega Stealth Unboxing and Review,〈SoA〉Horseman,"SecretLab,Omega,Omega Stealth,Gaming Chair,Chair,bucket seat,gamer chair,Horseman,unboxing,review",0:03:59,11438,73,6,0,34
mj8CFJW7wII,2018-08-17 18:39:01+00:00,Unboxing and Review of Secretlab Titan 2018 Edition,D Shelton,"twitch,twitchtv,SupportSmallStreamers,SupportSmallStreams,SupportSmallerStreamers,SupportSmallerStreams,streaming,StreamerNetwork,Streamer,stream,streamer,obso1337gaming,sgs,corsair,corsairgaming,custom,rimworld,virtualreality,vr,dad,mancave,gameroom,secretlab,hype,office,desk,deskchair,titan,pc gaming chair,virtual reality videos funny,office space",0:38:37,9172,55,10,0,28
afn8nfNk64M,2017-12-02 09:04:36+00:00,6 Months Later - Secret Lab Titan Gaming Chair Review - Armrest Fix & Noise,GoshukiGaming,"Destiny,Destiny 2,Playstation,Sony,Microsoft,Xbox,PS4,Playstation 4,PC,PS4 Pro,DX Racer,Racer Chair,Secret Lab,Titan,Secret Lab Titan,Gaming Chair,Review,Armrest",0:03:55,46287,312,27,0,162
6NM_Kzu-jpA,2020-09-03 17:37:12+00:00,SecretLab Omega 2020 Setup Review,abfielder,nan,0:07:46,126,5,0,0,7
L8wVAmNFhCo,2020-08-02 16:00:04+00:00,Secretlab Titan XL - Unboxing and Review - Best Gaming Chair?,A dot BooM,"secretlab titan,gaming chair,best gaming chair,secretlab titan xl,top 10 gaming chairs,best office chair,gaming chair review 2020,best gaming chair 2020 budget,best gaming chair 2020,best office chair 2020,gaming chair 2020,best gaming chair under 500,best office chair under 500,secret lab,secretlab titan review,secret lab chair,unboxing secretlab titan,secretlab unboxing,secretlab 2020 unboxing,titan xl gaming chair,titan xl 2020,adotboom,a dot boom",0:09:35,763,28,0,0,34
nZ7gOynKZ0Q,2019-02-09 06:53:28+00:00,SECRETLAB OMEGA SOFTWEAVE REVIEW | PRMedia,PRMedia,"Secretlab,Omega,Softweave,Gaming,Racing,Chair,Seat,Charcoal,Cookies,Cream,PRMedia,PR,Review",0:06:08,10093,149,8,0,35
UJ3Hpjubof4,2020-08-07 22:00:13+00:00,SecretLab 2020 Titan XL Review | Comparison to SecretLab Omega,Potato_Ehm,"SecretLab,SecretLabs,SecretLab Titan XL,SecretLab Omega",0:15:29,149,6,0,0,1
e3WFxaDE-es,2020-05-08 22:40:30+00:00,SecretLab Omega - Gaming Chair - Charcoal Blue - Review,Gillatron123,nan,0:10:01,420,8,1,0,9
QMRdwyJI0ys,2018-07-06 19:34:09+00:00,Secretlab Titan vs Omega:  Which Chair is Right for You in 2020?,Tech Guided,"secretlab,secret lab,secretlab omega,secretlab titan,secretlab omega review,secretlab titan review,gaming chair,gaming chair review,omega vs titan,titan vs omega,secretlab titan vs omega,secretlab omega vs titan,best gaming chair,pc gaming chair,best pc gaming chair,gaming chairs,pc gaming chairs,racing style chair",0:06:49,139953,1554,48,0,336
3_70Ata2fAs,2019-09-25 00:34:28+00:00,"The Secretlab Titan Gaming Chair, A Review",Mica Does Stuff,"mica does stuff,micah does stuff,secretlab,secret,lab,chair,gaming chair,gaming,accessories,gaming accessories,review,office chair,desk chair,office,desk,furniture,office furniture",0:16:45,1031,24,4,0,15
CgSJcAA8ktQ,2020-08-03 18:42:10+00:00,Secretlab TITAN 2020 Series Cookies & Cream Gaming-Stuhl I [REVIEW],Scholzilla,"Scholzilla,Secretlab,TITAN,2020 Series,Cookies & Cream,Stoff,Farbric,SoftWave,Integrated Adjustable Lumbar Support,Cold-Cure Foam,4D-Armlehnen,Memory Foam-Kissen,neigbarer Rückenlehne,Multi-Wippmechanik,Hydraulik,ADC12 Aluminium-Radstand,PU-Lenkrollen,Stuhl,Gaming Stuhl,gaming,bürostuhl,chair",0:06:44,153,3,0,0,2
LurY9ZIYSE4,2020-03-22 16:32:09+00:00,SecretLabs Titan Softweave Quick review 2020,Jacobo and The Goons,"#SecretLabs,#Chair,#2020,#Review,#Titan,#SoftWeave",0:03:33,286,4,2,0,2
fXUjn2-cjzc,2019-05-03 22:15:55+00:00,Secretlab Omega Softweave Fabric - Charcoal Blue Chair Review,G Money,"SecretLab Omega Softweave Fabric Charcoal Blue Review,gaming chair,secret lab chair,best gaming chair",0:03:08,2449,22,5,0,7
O3ZEA0zJ8MY,2019-09-24 17:54:58+00:00,Secretlab TITAN 2020 Chair Review,Miniduke,"Secretlab,gaming chair,Titan,2020,review,unboxing",0:13:30,26101,521,12,0,96
6uXgvzVOwqI,2020-02-15 23:49:28+00:00,Secretlab Omega 2020 REVIEW | Game Of Thrones House Targaryen Gaming Chair,Lord Callous TV,"secret lab,gaming chair,game of thrones,secret lab titan,secret lab chair,secretlab omega,secret lab gaming chair,secret lab chair review,secret lab omega,secretlabs titan,secretlab titan review,gaming chair review,best gaming chair,omega gaming chair,secretlab omega 2020,secretlab omega gaming chair,secret lab omega 2020,House Targaryen,Secretlab,game of thrones gaming chair,secret lab game of thrones,secretlab chair,secretlab omega review",0:14:32,1527,34,4,0,31
3kFexYEBgJA,2019-06-10 05:56:23+00:00,Secretlab 2020 Assembly Video,Secretlab,Secretlab,0:03:58,251466,2067,137,0,392
CYGYb3bnc0M,2018-10-13 05:47:04+00:00,Secretlab Omega SoftWeave Review,Jaypher,"Gaming chair,Secretlab,DXracer,Maxnomic,Arossi,Herman Miller,Vertagear,softweave",0:13:04,28059,252,23,0,139
Ap2N6BK5Xlo,2019-11-26 03:25:43+00:00,"Secretlab TITAN XL: Award-winning comfort, now made bigger",Secretlab,"secretlab,secretlab chair,gaming chair,gaming seat,titan xl,titan,secretlab titan,secretlab titan xl,secretlab 2020 series,2020 series,best gaming chair,TITAN XL,Secretlab TITAN XL",0:00:31,125790,303,5,0,64
aU0mgiNbr5g,2020-05-07 00:14:54+00:00,SECRETLAB Omega Review,DannysTechChannel,"Secretlab,Omega2020,gamingchair",0:09:30,467,21,0,0,2
88h8If0WLFc,2019-01-19 04:43:09+00:00,SecretLabs Titan Gaming Chair Honest Review,BrokeTechJohnny,"secretlab,titan,chair,gaming chair,dxracer,omega chair,titan chair,secret lab chair",0:09:39,693,13,15,0,6
cu67iyfVyVI,2019-06-30 22:15:59+00:00,Secret Lab Titan 2020 Series Overview and Review,Mad's Tech,"secretlab titan 2020,Secret Lab,Titan,OMEGA,Throne",0:07:21,10811,143,6,0,48
PFngwu2Dnwc,2020-02-07 21:26:55+00:00,SECRETLAB OMEGA 2020 CHAIR HAS ARRIVED! LET'S DO A REVIEW!  | VLOG #014 |,NickLimVlogs,"Best Gaming Chairs,best gaming chair,gaming chair,best gaming chair 2019,top 5 gaming chairs,are gaming chairs worth it,most comfortable gaming chair,best gaming chairs 2019,top 10 best gaming chairs,nicklimvlogs,vlogs,daily vlogs,secretlab,secretlab omega 2020,nyc vlog,ny vlog,same day edit,funneh vlog,funny vlog,secret lab gaming chair,secretlab chair,vlog malaysia,travel vlog,malaysia vlog,malaysia,vlog kuala lumpur,gooddays",0:09:12,217,1,0,0,5
RkmS3qhrseI,2020-03-03 14:33:15+00:00,Secretlab TITAN 2020 Series Review | Gaming Chair | WePC,WePC,"secretlab titan 2020,secretlab titan 2020 review,gaming chair,gaming chair review,best gaming chairs 2020,secretlab,titan,secretlab titan,secretlab titan review,pc gaming chair,review,gamer chair,best gaming chair,best pc gaming chair,best gaming chairs,secret lab chair review,secret lab gaming chair,secret lab titan,secret lab titan chair,secret lab,secretlabs titan,2020 Series Review,Gaming Chair,Secretlab TITAN 2020 Series Review,WePC",0:07:13,1443,29,6,0,17
bUgoEnfkel4,2020-08-26 19:49:23+00:00,Secret lab 2020 one year review,Kokobunji,nan,0:01:54,75,5,0,0,3
5bqDbizm1Oc,2016-04-06 15:00:01+00:00,Secretlab Omega Stealth Unboxing and Quick Review,KLGadgetTV,"klgadgettv,klgadgetguy,tech reviews malaysia,klgadget,Secret Lab,Secret Lab Gaming Chair,Secret Lab Omega,Omega Gaming Chair,SecretLab,SecretLab Omega,SecretLab Omega Gaming Chair,Unboxing,Review,gaming chair,secretlab malaysia,special chair,secretlab review,secretlab chair review malaysia,omega stealth review",0:04:51,31239,106,39,0,24
E9J0AMLmw3Y,2020-05-15 18:43:59+00:00,SECRET LAB OMEGA 2020 UNBOXING I ASSEMBLY I Review,skinnypiper,"SECRET LAB OMEGA 2020 UNBOXING,SECRET LAB OMEGA 2020 UNBOXING I ASSEMBLY I Review,SECRET LAB OMEGA 2020 ASSEMBLY,HOW TO ASSEMBLE SECRET LAB OMEGA 2020 CHAIR,THE BEST GAMING CHAIR,WHAT IS THE BEST GAMING CHAIR,MOST COMFORTABLE GAMING CHAIR,MOST COMFORTABLE OFFICE CHAIR,WORK FROM HOME CHAIR,GAMING RECLINING CHAIR,UNBOXING,DAILY VLOGS,TECH REVIEW,GAMING CHAIR REVIEW,SECRET LAB OMEGA 2020 REVIEW",0:18:13,282,11,3,0,4
L_FIZmUfgwU,2018-12-12 12:13:12+00:00,Secretlab Omega 2018 Review - An awesome gaming and office chair,KeenGamer - More Than Just a Game Site,"KeenGamer,Game,Gaming Chair,Omega Chair,Gaming Hardware",0:04:32,3493,34,3,0,5
BGHdOhmY_R4,2018-12-21 08:47:37+00:00,Secretlab Omega Softweave Charcoal Review | BEST Gaming Chair on the market?!,Korriban Gaming,"Secretlab,Softweave,Fabric,Charcoal,Review,Omega,Gaming,Chair",0:13:16,2466,24,5,0,17
4j0_3qEE98o,2018-04-21 22:17:32+00:00,Secretlab Omega Review: Is the Omega the Best Gaming Chair for 2020?,Tech Guided,"secretlab,omega,secretlab omega,secretlab omega 2018,secretlab omega stealth,gaming chair,pc gaming chair,racing chair,stealth,omega gaming chair,secretlab chair,review,giveaway,best gaming chairs,secret lab gaming chair,secret lab,secretlab review,secretlab omega review,secret lab omega review,omega review,omega 2018 review,secretlab omega 2018 review",0:08:59,49975,469,27,0,163
EuBS6Qd_5a8,2020-04-13 17:18:14+00:00,Secretlab TITAN XL 2020 REVIEW,TheAxelBrown,"secretlab,review,secretlab review,gaming seat review,secretlab titan,titan XL",0:14:34,13446,255,27,0,129
g9wrCgZ5T_c,2020-06-14 15:00:23+00:00,"SecretLab Titan Amber 2020 Unboxing, Assembly & 1st Impression Review! Gaming Office Chair",CISBROS,"足球小將,十抽,UR,SR,SSR,super campeones,キャプテン翼,CAPTAIN TSUBASA,キャプテン翼 ～たたかえドリームチーム～,SUPER CAMPEONES,たたかえドリームチーム,足球小將世青篇,KLAB CAPTAIN TATAKAE DREAM TEAM,夢幻隊伍,ガチャ,單抽,Captain Tsubasa Dream Team,CAPTAIN TSUBASA 2018,captain tsubasa opening,captain tsubasa dream team ost,super campeones 2018,足球小將世青篇captain tsubasa,captain tsubasa dream team guide,captain tsubasa dream team tips,captain tsubasa dream team gameplay,dream fest",0:15:00,538,15,1,0,11
moMMffMVaBE,2019-10-11 15:22:17+00:00,Secret Lab Titan 2020 Gaming Chair Review,FlatLander,"gaming chair,secret lab,best gaming chair,gaming chair review,secret lab titan,secretlab titan,secret lab gaming chair,secret lab chair,titan chair,secretlab titan review,secretlab chair,secretlab titan chair,secret lab chair review,pc gaming chair,secret lab titan chair,best gaming chairs,secret lab titan review,secret labs titan,best pc gaming chair,secretlabs titan,secret lab gaming chair review,Flatlander,flatlander,Justin",0:08:02,4777,134,11,0,25
Y8Mzu2Cc4Js,2019-08-30 10:17:30+00:00,SECRETLAB TITAN 2020 Series COMPLETE REVIEW: Is The Upgrade Worth It?,TopGamingChair,"gaming chair,secretlab titan,best gaming chair,secretlab review",0:09:05,12202,119,25,0,21
Bsvkuhb2FKk,2018-02-27 17:01:28+00:00,SecretLab Titan Review: Release the Titan!,Tech Guided,"secretlab,titan,secretlab titan,gaming chair,secretlab titan review,pc gaming chair,review,gamer chair,best gaming chair,best pc gaming chair,gaming chair review,best gaming chairs,secret lab chair review,secret lab chair,secret lab gaming chair,secret lab titan,racing,secret lab titan chair,secret lab,secretlab titan chair,secret labs titan,secretlab omega,titan chair,secretlab chair,secretlabs titan",0:11:16,39764,541,23,0,127
inlK2kT5fPw,2020-02-22 12:00:06+00:00,Secretlab NeueChair Review | Office Chair | WePC,WePC,"neue,neuechair,secretlab,secretlab office chair,best office chair,ergonomic chair,best computer chair,ultimate office chair,ergonomic office chair,best ergonomic chair,comfortable office chair,best budget office chair,neuechair review,neue review,modern computer chair,neue chair,neue chair review,WePC,Secretlab NeueChair Review | Office Chair | WePC,Secretlab NeueChair Review,secretlab neuechair obsidian,office chair review,Secretlab NeueChair",0:06:36,4106,46,25,0,10
dpb9DEN2v74,2018-06-29 06:15:25+00:00,SecretLab Titan Review,Ditharian Gaming,SecretLab Gaming Chair,0:06:52,2602,44,5,0,44
SNel_PVOvJg,2019-10-01 08:50:44+00:00,Secret Lab Titan 2020 Series Review 10-1-19,High Alchemist,"secretlab titan 2020 review,secret lab titan 2020 review,secretlab titan review 2020,secretlab titan 2020 series review,secretlab titan review,secretlab titan 2020 series,secret lab titan 2020,secretlab titan 2020 unboxing,best gaming chairs,secretlab titan 2020,secretlab titan,secret lab titan,best gaming chair,gaming chair,secret lab,secret lab gaming chair,secret lab chair,gaming chair review,secretlabs titan,secret labs titan,secret lab chair review",0:06:48,248,5,3,0,6
xdMxGhFRy54,2018-06-28 17:56:39+00:00,Secret lab Throne 2018 Gaming Chair Review,Eric,"@secretlab,secret lab throne,secret lab,gaming chairs,chairs,video games,reviews,gaming,Xbox,pc,secret lab throne 2018",0:02:52,2456,45,4,0,6
gK8w3IwJXko,2017-06-12 03:14:36+00:00,Secret Lab OMEGA Chair Review - Is it Really Worth it?,Tech Informer,nan,0:02:23,15527,61,36,0,23
10Or1z2E3Ck,2020-05-02 01:16:11+00:00,My Review Of The Omega Cookies and Cream Gaming Chair From Secretlab,xbmeans,nan,0:02:16,362,9,0,0,0
So2K5LFx72E,2020-02-16 12:00:04+00:00,Secretlab Titan 2020 Unboxing + Review,ShadowVerse Gaming,"gaming,chair,unboxing,review,secretlab,titan,build",0:07:46,265,7,0,0,0
U1vk_OFgxDs,2019-03-11 09:30:00+00:00,SECRETLAB TITAN Gaming Studio Chair - Unboxing & Review in depth,Mad Steex Production,"gaming chair,best gaming chair,studio chair,professional chair,til chair,seretlab,secret lab,titan,omega,throne,titan chair,napa leather,pu leather,affiliate links,mad steex,mad steex production,gift,unboxing,review,best studio chair,dx racer,dxracer,cofortable chair,expensive,cheaper,youtube,youtuber,music,recording studio,home studio,lumbar support,armrest,backrest,seat",0:07:36,3604,7,3,0,0
nSdyS4LKAWY,2019-09-23 00:50:05+00:00,SECRET LAB'S 2020 TITAN GAMING CHAIR REVIEW,kamikaze s0undwavez,"secret labs 2020 titan gaming chair review,secret lab,titan,2020,cloud 9,batman,pu 2.0 leather,gaming chair,review,unboxing,product review,titan series,omgea,big gaming chair,best gaming chair,gaming chair review,titan chair review,omega,omega chair,fabric,leather,dx racer,instructions",0:12:39,536,11,0,0,6
g1sz4L36Q34,2018-09-20 23:05:37+00:00,SecretLab Titan Gaming Chair Review,TwistedBiscuits Gaming,"PUBG,gaming,technology,chair,office,twitch,titan,secretlabs,secretlab,omega,msi,asus,evga,review,fortnite,streaming,streamer,obs,streamlabs",0:03:54,4989,78,8,0,30
kyUpHTNVpgk,2020-07-03 15:08:06+00:00,"Secretlab Titan Dark Knight Edition | Full unboxing, assembly, and review",Brandon Hartman,"secretlab,secretlab titan,secretlab titan 2020,dark knight,secretlab dark knight,secretlab dark knight chair,secretlab review,secretlab titan review,batman",0:11:28,1237,69,3,0,18
ZiTkVQAle3w,2020-04-08 22:30:02+00:00,Secretlab Omega 2020 Assembly and Review: Is It Worth It?,Gundamgaming2k,"Secretlab,gaming,review,gamingchair,Omega,assembly,2020",0:15:26,1266,20,0,0,17
5nB0_sSWwEs,2017-06-16 01:01:18+00:00,Secret Lab Titan Chair Review,Crue Steele,"Secret Lab,Titan Chair,Gamers",0:07:28,5843,61,3,0,83
uVHsrOVWy08,2016-02-26 08:42:32+00:00,Secretlab - OMEGA Gaming Chair [Review],The Let's Play Channel,"commentary,unboxing,secretlab,secret lab,omega,gaming chair,omega gaming chair,assembly,singapore",0:06:10,11208,35,13,0,46
30F4oqFRAsE,2019-01-17 20:33:00+00:00,Best Gaming Streamer Chair Review & Unboxing - Secret Lab Omega,reaganzilla,"secret lab,gaming chair,streaming setup,desk chair,office chair,review,omega chair,gamers chair",0:12:22,536,21,2,0,6
lye3o0t3N7Q,2019-01-14 19:05:56+00:00,"SecretLabs - TITAN (Gaming Chair: Unboxing, Build, Review)",PitchDank,"secretlabs,titan,omega,pitchdank,gaming,chair,dxracer,pcmasterrace,cody17",0:11:14,3127,70,10,0,30
Pd7tnUTJ0GA,2019-02-19 19:48:55+00:00,"secretlab omega PC gaming chair unboxing,Assembly,& Review",BlackVideo,nan,0:44:31,196,4,0,0,1
h6ikup8Rc28,2019-05-20 16:00:09+00:00,SECRETLAB TITAN - REVIEW - Best gaming seat ever??,TheAxelBrown,"secretlab,review,gaming,chair,secretlab review,secretlab titan,secretlab price,softweave",0:13:01,16810,251,23,0,101
6C-ZZpA-wmE,2020-06-06 12:30:24+00:00,Secret Lab Titan Classic 2020 Review und Unboxing (Deutsch),And13k,"Austria,German,review,unboxing,secretlab,tian,2020,deutsch,österreich,gaming,stuhl,gamingstuhl,twitch,streaming,streamer,classic,white,black,csgo",0:06:51,168,9,1,0,7
r5kqIGkZoUs,2020-03-17 21:30:04+00:00,Secretlab Titan 2020 Gaming chair Review,Nic Hulsey,"gaming chair,best gaming chair,secret lab titan,secret lab gaming chair,secret lab chair,nic hulsey,nick hulsey,secret lab chair review,honest secretlab titan review,secret lab 2020 series,secret lab titan 2020 review,Iconicholas,best chair for streaming on twitch,Gaming and streaming chair review,Best video game chair,secretlabs,Titan vs omega,secretlab titan",0:11:04,813,14,4,0,18
mtotRPY_kqE,2018-03-01 06:40:48+00:00,Secret Lab Titan Review,Floormassacred,nan,0:04:58,1063,11,0,0,3
M3BYoeZfDOI,2020-08-10 18:40:47+00:00,Secret Lab 2020 Omega Gaming Chair Review!,NinoGoblino,"#Gamingchair,#SecretLabs,#gaming",0:04:13,71,7,0,0,3
X5pgkPOyp8U,2019-07-13 03:54:29+00:00,Secret Lab Titan 2 Year Review,Crue Steele,"Secret Lab,Secret Lab Titan,Titan,Titan Chair,Secret Lab Titan Chair,Review,2 Years later review,Gaming,gaming consumers,Gamer",0:36:56,8851,184,7,0,150
vo6Oqk1XSV8,2020-03-31 01:27:55+00:00,Best Office Gaming Chair |  Secretlab Omega 2020 Assembly and Review,PatrickRealized,"patrickrealized,patrick,realized,patrick realized,secret lab gaming chair,secret lab,gaming chair,best gaming chair,secretlab omega,secret lab chair,gaming chair review,best gaming chairs,secret lab titan,secretlab chair,secretlab review,secretlab omega review,secretlab omega 2020,secret lab omega,secretlab,omega assembly,secretlab omega review and assembly,omega 2020 build and review,best gaming chair 2019,omega gaming chair,secretlab omega 2018 review",0:04:16,2639,33,1,0,27
5U6US6IrwNM,2020-03-05 05:23:32+00:00,Watch Secretlab Titan 2020 Gaming Chair Review - Secretlab Titan 2020,WM Digital,"2020,Secretlab,Chair,Gaming Chair,Titan,which gaming chair should I buy,secretlab 2020 series review,pc gaming chair roundup 2019,Secret Lab Titan 2020 XL,secretlab omega 2020 review,the best gaming chair 2019,which gaming chair to buy,secret lab gaming chair,Secretlab TITAN,gaming chair roundup 2019,secret lab discount code,secretlab omega softweave,secretlab titan review,secretlab titan vs omega,best racing gaming chair",0:01:21,84,2,1,0,0
20ebXk6jYEU,2020-09-02 01:59:05+00:00,Secretlabs TITAN 2020 Soft weave fabric Review,Sorgath's Other Stuff,nan,0:04:29,70,1,1,0,6
NIPOD2SXY3A,2020-07-30 02:14:12+00:00,SECRETLAB TITAN CHAIR | Assembly and Review | best chair?,ZeeMoe-D,nan,0:11:59,97,4,0,0,0
htQEHO1NeLI,2019-05-27 18:41:48+00:00,Secretlab Omega 2018 Prime PU Leather Team Secret Gaming Chair Review,Ryan Slade,"gaming chair,gaming chair review,best gaming chair,secret lab chair,secret lab gaming chair,secretlab omega 2018,secretlab,best gaming chair 2018,best gaming chairs,secret lab chair review,secretlab omega 2018 review,omega gaming chair,secretlab chair,secretlab omega,secret lab omega,secret lab omega 2018 gaming chair review,secret lab titan,secretlab titan review",0:02:14,132,2,0,0,0
iPJQMQr9PrU,2018-10-30 02:01:18+00:00,"Unboxing, Review & Assembly ||| Secret Lab Omega Stealth Gaming Chair ||| MALAYSIA 2018 (Eng Sub)",AniqHilman TV,"secret lab,omega stealth,gaming chair,budget gaming chair,best gaming chair,unboxing gaming chair,gaming chair review,unboxing and review,assembly gaming chair,aniqhilmantv,anda seat,cheap gaming chair,playstation 4 gaming chair,malaysia,kuala lumpur,malaysian youtuber,malaysian streamer,malaysia gaming chair,unboxing secret lab,secret lab malaysia,secretlab malaysia",0:12:35,2068,46,3,0,64
7XLvawBmSiQ,2020-08-27 17:07:43+00:00,Secretlab SoftWeave® BLACK³,Secretlab,"secretlab,gaming chairs,softweave,fabric,streetwear,triple black",0:00:37,352775,389,21,0,111
dshSAPVA1DU,2020-06-02 12:30:07+00:00,Secret Lab Gaming Chair review after one year,Alvin Lu,"secretlab,secretlab gaming chair,gaming chair,Titan,secret lab titan,secretlab titan",0:02:22,56,2,1,0,3
tfxJrpYvnqQ,2016-09-15 16:37:23+00:00,SecretLab Throne V2 in the house! - unboxing & mini-review,Imran Husain,"secretlab,throne v2,dxracer,gaming chair,unboxing,imraneo,lumbar support",0:05:20,1552,13,2,0,0
3qkBkvTz94Q,2020-08-21 10:52:03+00:00,Secretlab Titan Review Philippines,Jerome Mallari Domasin,"secretlab,secret,lab,titan,pinoy,tagalog,philippines,gaming,chair,setup",0:11:12,36,3,0,0,1
GRkMjgxTyS0,2020-09-04 01:21:27+00:00,Secret Lab Omega Chair Review,Bair,nan,0:00:59,47,3,0,0,4
hEm0tkM_Ncg,2020-02-23 18:48:01+00:00,Secretlab Titan Chair Review|Unboxing|Assembly !,Dino,"MRslavic,Bosnian,Bosanac,Bosna,Me,Dino,Bosnia,Secretlab,Gaming chair,Secretlab Titan,Titan chair,Cookies & Cream,2020 edition",0:03:34,905,24,2,0,7
AWgR4azFwB0,2019-07-29 01:41:33+00:00,SecretLab Titan 2020- Game of Thrones Targaryen Review/Unboxing,Project S99,"Game of Thrones,SecretLab,Titan,Chair,Review,Targyen,Edition,Music,Studio,Unboxing,Gaming,Comfort,Titan 2020,Game,of,Thrones,Fire,Blood,Secret,Lab,New",0:09:34,3016,54,1,0,36
i_GdCtsl-qs,2019-07-12 07:18:49+00:00,Secretlab Chair Features Usage,Secretlab,"secretlab,secretlab chairs",0:03:15,122563,645,32,0,162
QqVXQtwBTNA,2019-03-27 01:13:00+00:00,Secret Lab Omega Chair review,OG_thePhoenix,Secret Lab omega chair,0:02:28,97,12,0,0,1
IPy2xzj8BU4,2018-04-30 14:43:10+00:00,SecretLab Chair Review - Omega / Titan,Strikerz,nan,0:05:49,20527,193,9,0,60
3rpWdBaP7h4,2019-01-02 01:50:44+00:00,Secretlab Omega (SoftWeave) unbox assemble review gaming chair,Autumn Adventurist,"secretlab,omega,softweave,unbox",0:14:58,421,6,6,0,0
Fkey2ZvX6lU,2019-05-22 17:34:32+00:00,The All-new Secretlab 2020 Series,Secretlab,"secretlab,gaming chair",0:00:49,12859154,3793,70,0,652
oPiIw-YLSjE,2020-02-29 22:15:39+00:00,2020 Secret Lab Gaming Chair Review!! Should You Buy?,Peanut Abeyta,"Subscribe,Like,COD,Minecraft,H1Z1,Alienware Alpha Gaming,Xbox Gaming,Dragon Ball Legends,Dragon Ball Super,Dragon,Ball,Dokkan,Battle,Black Ops 4,Gaming,Youtuber,Streamer,Fortnite",0:07:34,50,5,0,0,1
Rz1mSBe6W6o,2017-08-25 06:27:30+00:00,Secret Lab Titan Gaming Chair Quick Review,GoshukiGaming,"Destiny,Destiny 2,Playstation,Sony,Microsoft,Xbox,PS4,Playstation 4,Secret Lab,Titan,Secret Lab Titan,Gaming Chair,Office Chair,Review,Racing Chair,DX Racer,Hooker",0:04:34,3973,42,3,0,21
l_2QUWCI5YE,2019-06-24 13:12:43+00:00,Secretlab Omega Prime PU Leather Ash Gaming Chair Review,Ease Chair,"secretlab omega,Gaming Chair,Homall Gaming Chair,Office Racing Video Gaming Chair,ELECWISH Ergonomic Computer Gaming Chair,secretlab omega 2018,secretlab omega chair,secretlab omega review,secretlab omega chair review,secretlab omega vs dxracer,secretlab omega vs titan,secretlab omega amazon,secretlab omega gaming chair",0:04:04,32,1,0,0,0
vu9IZ5KbKUo,2020-08-12 17:05:25+00:00,Secretlab League of Legends Champions Collection,Secretlab,"Secretlab,League of Legends,Riot Games,gaming chair,gaming seat,gaming,K/DA,KDA,Yasuo,Ahri,Akali",0:00:30,921285,860,60,0,132
gikASBadAIk,2019-01-11 17:02:54+00:00,Secret Lab Titan Series Computer Gaming Chair Review,Cory,"Secret Lab,Titan Series,Gaming Chair Review,Secret Lab Titan Series,Computer Chair,Centipede-Style,Fortnite,Fortknight,Fourthnite,Streaming",0:05:01,417,11,2,0,5
gEhue_9QsQk,2019-04-18 22:27:05+00:00,SECRETLABS TITAN REVIEW,Paul Gaudet,"PMFG,Fabrication,secretlabs,funny,TITAN,Gaming chair,review,Redneck",0:10:02,76,3,1,0,0
9iLFZCixG-U,2019-09-29 17:09:11+00:00,Secret Lab Throne gaming chair Review,Master Gynx,"Secret Lab,Chair,Gaming,Review,Youtube,MIxer,Gaming Chair,unboxing,game chair,comfort,throne,Throne,Secretlab,best gaming chair,gaming chair review,secret lab chair",0:06:11,57,6,0,0,3
32YomFbIE90,2020-02-14 07:18:32+00:00,Secret Lab TITAN 2020 ASH - Unboxing & Review-  JetLoneStarr,JetLoneStarr,"JetLoneStarr,Die besten 3 Gaming Stühle 2018? OMEGA,TITAN,THRONE von SECRET LAB,Secretlab TITAN 2020 Test - Wirklich sein Geld wert?,Secretlab 2020 Assembly Video,The All-new Secretlab 2020 Series",0:04:17,622,8,2,0,4
uMa70g2VLWY,2017-11-25 04:51:25+00:00,Secretlab omega and throne 2018 review: just made of better stuff,Frankie Rebollar,"secretlab,gaming chair,secretlab throne,secretlab omega",0:02:11,317,0,5,0,0
2-8x6jexd5Q,2020-01-15 07:00:00+00:00,2020 Secret Lab Chair Review,rebsterbunny,nan,0:10:22,83,2,0,0,2
XToD8uHB1BY,2017-11-25 13:45:21+00:00,Secretlab omega and throne 2018 review: just made of better stuff,benkeadam,"secretlab,gaming chair,secretlab throne,secretlab omega",0:02:11,169,1,2,0,0
Znh1Qi8mVCY,2020-04-11 21:52:43+00:00,Secretlab Titan 2020 Gaming Chair - First Impressions / Unboxing (Softweave),Captured By Kyle,"Secretlab,Secretlab Titan,Secretlabs titan,Secretlab Omega,Secretlab Titan XL,Secretlab Chair Unboxing,Secretlab chair,Secretlab Gaming Chair,Best Gaming Chair,Best Gaming Chair 2020,Comfortable Gaming Chair,Secret Lab,Secretlabs Review,Secretlab Softweave,Secretlab PU Leather,Good Gaming Chair,Best office chair,Office Chair 2020,Ergonomic Gaming Chair",0:31:21,45194,914,33,0,351
IPtEVqLsVIM,2020-06-03 22:33:18+00:00,Secretlab Titan XL vs Standard!,Stu’s Reviews,"secret lab chair,secret lab titan 2020,secret lab review,secret lab titan review,secret lab chair review,secret lab 2020 review,secret lab titan 2020 review,titan 2020 review,titan chair 2020 review,secret lab honest review,secretlab titan 2020 review,secretlab titan review,secretlab review titan,secretlab titan chair,secret lab titan chair,secretlab titan XL,secretlab titan xl 2020,secretlab titan xl vs titan,secretlab titan xl review,secretlab XL review",0:15:50,35669,1323,14,0,229
J9BsxngbVEI,2020-05-08 15:17:25+00:00,Is the 2020 Secretlab Titan Gaming Chair too good to be true? | Softweave Review & Unboxing,Ben Cad,"Secretlab,secretlab titan,softweave,review,gaming chair,car chair,experience,unboxing,secretlab omega,pu leather,leather flaking,marketing,2020,Titan,Omega,Secret lab titan softweave 2020,Is the 2020 Secretlab Titan Softweave gaming chair too good to be true? My review & unboxing,ben cad,warranty,how good are secretlab chairs?,chair fitment,which secretlab chair is right for me?",0:21:00,87075,2398,65,0,663
L3_FTff8O84,2020-05-04 20:41:58+00:00,Secretlab SoftWeave VS. PU Leather - REAL LIFE Comparisons,Mike Wat,"secretlab,secretlab softweave vs pu leather,softweave vs pu leather,pu leather vs softweave,secretlab pu leather vs softweave,secretlab softweave,secretlab titan softweave,secretlab softweave review,mike wat,secretlab titan 2020,secretlab titan 2020 xl,titan 2020 xl,titan 2020 softweave vs pu leather,prime 2.0 pu leather,best gaming chair,best office chair,gaming chair comparisons",0:10:03,87276,1996,81,0,276
e78Vrdo2pho,2019-08-07 19:00:09+00:00,Next Level Comfort Upgrades - Secretlab TITAN 2020 Series Gaming Chair Review,Mike Wat,"secret lab omega,secret lab discount code,secret lab gaming chair,secret lab review,secret lab chair,secret lab titan,secret lab chairs,secretlab omega,secretlab omega black,secretlab omega black with suede,secretlab omega 2018 review,secretlab discount code 2018,secretlab chair,secret lab omega 2018 assembly,secret lab omega 2018 black,omega gaming chair,best gaming chair,gaming chair,secretlab,secretlab 2020,2020 titan,2020 omega,secretlab titan",0:09:02,48734,837,50,0,210
-OLJHWtTlZc,2018-02-12 16:00:00+00:00,"Secretlab Titan PC Gaming Chair Unboxing, Assembly, & First Impression",Tech Guided,"gaming chair,pc gaming chair,chair for gaming,computer chair,best pc gaming chair,best gaming chair,review,secretlab,titan,unboxing,racing chair",0:07:42,37774,319,20,0,101
THR7LdF4CpM,2019-12-22 18:34:24+00:00,Secret Lab TITAN 2020 Series 6 Months Later - Premium Chair - Premium Price But Not Perfect,Mad's Tech,"secret lab gaming chair,secret lab chair,secretlab titan 2020,Secretlab,secretlab titan xl,secretlab titan 2020 review,Secretlab Problems,secretlab omega 2020,secretlab titan,secretlab titan assembly,secretlab titan review,secretlab omega review,gaming chair,secret lab titan,secretlab chair,titan,gaming chair review,secret lab chair review,secretlab titan chair,secret lab,review,secret labs titan,titan chair,secretlabs titan,Titan problems",0:11:25,38354,730,31,0,150
1CfHWFTDPVs,2019-07-07 21:30:44+00:00,The Best Gaming Chair of 2019! | SecretLab Omega 2020 review,Brainbean,"secretlab omega 2020 softweave,secretlab omega 2020 unboxing,secretlab omega 2020 vs 2018,secretlab omega review,secret lab omega 2020 review,secret lab omega series review,secret lab chair,secret lab,best gaming chair,secretlab review,best gaming chairs,secret lab gaming chair,secretlab omega,secretlab chair,best gaming chair 2019,secretlab omega 2020,most comfortable gaming chair,Brainbean",0:11:01,26875,509,15,0,114
2KyjSROxe4s,2017-10-04 10:00:01+00:00,We View and Review - BUILDING OUR GAMING CHAIRS!,TITAN GAMERS,"NGG,thejianhaotan,jianhao,jian,hao,tan,tech,review,gaming,games,danialron,danial,ron,funny,vlogging,aftershock,overwatch,fortnite,twitch,lol,runawaykim,heyshafyq,notgoodgamers,show,singapore,singaporean,gamer,SecretLab,Secret lab,Secret Lab Gaming Chair,Gaming Chair,Chair,Singaporeans,Fix,Office chair",0:07:48,47355,713,28,0,277
qrXDFF-bTxk,2020-04-13 17:30:44+00:00,Secretlab TITAN XL 2020 Stealth vs Titan Cookies & Cream,TheAxelBrown,"secretlab,secretlab review,secretlab titan review,secretlab titan,gaming chair,gaming",0:11:47,16267,380,13,0,136
BGN8fcJCVRI,2019-11-19 19:00:00+00:00,Secretlab THRONE Chair for Hobbit Size People!,Art by Marcia Furman,"secretlab,chair,secretlab throne,2020,office,office chair,work chair,gaming chair,short people,hobbit size,artist,work at home,desk work",0:07:09,4475,76,3,0,65
cEzyY81Wids,2020-08-12 22:36:07+00:00,PUTTING TOGETHER MY NEW CHAIR + GIVEAWAY!,HuzzyExtra,"Gaming Chair,Secret Lab,League of Legends,Yasuo,Yasuo Chair,Huzzy,HuzzyGames",0:42:33,3667,261,1,0,76
N8uffnwYs9Q,2020-07-07 19:02:41+00:00,Cyberpunk 2077: CHAIR UNBOXING | SecretLabs Omega,Alanah Pearce,"Alanah Pearce,Funhaus,IGN,Daily Fix,cyberpunk,cyberpunk 2077,cd projekt red",0:08:14,145943,8443,126,0,1131
Jwbqjzsz89g,2020-06-26 13:00:37+00:00,The Secretlab Cyberpunk 2077 Edition,Secretlab,"Cyberpunk,Cyberpunk 2077,gaming chair,gaming seat,Secretlab chairs,CD Projekt Red,CDPR,Secretlab,Cyberpunk gaming chair",0:00:22,57403,411,11,0,61
hm8sii0vxiU,2020-06-27 15:05:52+00:00,Cyberpunk 2077 X SECRETLAB Gaming Chair!,TheNeonArcade,"cyberpunk 2077,cyberpunk 2077 chair,cyberpunk 2077 secret lab,cyberpunk 2077 merch,cyberpunk 2077 secret labs chair,cyberpunk 2077 gaming,cyberpunk 2077 gaming chair,cyberpunk 2077 products,cd projekt red,secret lab chair,cyberpunk 2077 product,cyberpunk 2077 gift,cyberpunk 2077 samurai,cyberpunk 2077 black and yellow,theneonarcade,neon nation",0:01:33,14343,880,17,0,150